Id,OrgId,IncidentId,AlertId,Timestamp,DetectorId,AlertTitle,Category,MitreTechniques,IncidentGrade,ActionGrouped,ActionGranular,EntityType,EvidenceRole,DeviceId,Sha256,IpAddress,Url,AccountSid,AccountUpn,AccountObjectId,AccountName,DeviceName,NetworkMessageId,EmailClusterId,RegistryKey,RegistryValueName,RegistryValueData,ApplicationId,ApplicationName,OAuthApplicationId,ThreatFamily,FileName,FolderPath,ResourceIdName,ResourceType,Roles,OSFamily,OSVersion,AntispamDirection,SuspicionLevel,LastVerdict,CountryCode,State,City,Usage
2.23338E+11,29,66297,42177,2024-06-15T19:08:02.000Z,1,1,InitialAccess,T1566.002,BenignPositive,,,Url,Related,98799,138268,360606,81814,441377,673934,425863,453297,153085,529644,,1631,635,860,2251,3421,881,,289573,117668,3586,,,5,66,,,NoThreatsFound,242,1445,10630,Public
2.31928E+11,167,92453,417921,2024-06-10T17:24:32.000Z,2,2,CommandAndControl,,BenignPositive,,,Process,Related,98799,3816,360606,160396,441377,673934,425863,453297,153085,529644,,1631,635,860,2251,3421,881,,157,188,3586,,,5,66,,Suspicious,Suspicious,242,1445,10630,Private
4.12317E+11,3,144325,256275,2024-06-04T18:31:29.000Z,2,2,CommandAndControl,,BenignPositive,,,Process,Related,98799,0,360606,160396,441377,673934,425863,453297,153085,529644,,1631,635,860,2251,3421,881,,0,2,3586,,,5,66,,Suspicious,Suspicious,242,1445,10630,Public
1.03938E+12,1,194,1007600,2024-06-04T21:27:55.000Z,0,0,InitialAccess,T1078;T1078.004,TruePositive,,,CloudLogonSession,Related,98799,138268,360606,160396,441377,673934,425863,453297,153085,529644,,1631,635,860,2251,3421,881,,289573,117668,3586,,,5,66,,,,242,1445,10630,Public
5.41166E+11,39,435,7673,2024-06-14T18:34:39.000Z,6,5,InitialAccess,T1566,BenignPositive,,,MailMessage,Related,98799,138268,360606,160396,441377,12180,425863,453297,153085,4075,,1631,635,860,2251,3421,881,,289573,117668,3586,,,5,66,Intraorg,,NoThreatsFound,242,1445,10630,Public
1.25413E+12,279,158129,1116811,2024-06-11T20:19:58.000Z,1271,62098,Exfiltration,,BenignPositive,,,User,Impacted,98799,138268,360606,160396,80848,130999,82942,87159,153085,529644,,1631,635,860,2251,3421,881,,289573,117668,3586,,,5,66,,,,242,1445,10630,Public
1.4517E+12,69,1031,286201,2024-06-08T04:38:00.000Z,2,2,CommandAndControl,,BenignPositive,,,Url,Related,98799,138268,360606,71,441377,673934,425863,453297,153085,529644,,1631,635,860,2251,3421,881,,289573,117668,3586,,,5,66,,Suspicious,Suspicious,242,1445,10630,Private
3.95137E+11,40,4947,640177,2024-06-13T21:53:12.000Z,223,202,SuspiciousActivity,,BenignPositive,,,AzureResource,Impacted,98799,138268,360606,160396,441377,673934,425863,453297,153085,529644,,1631,635,860,2251,3421,881,,289573,117668,10,Virtual Machine,,5,66,,,,242,1445,10630,Private
60129543931,0,224,1192292,2024-06-03T21:00:51.000Z,0,0,InitialAccess,T1078;T1078.004,TruePositive,,,Ip,Related,98799,138268,205,160396,441377,673934,425863,453297,153085,529644,,1631,635,860,2251,3421,881,,289573,117668,3586,,,5,66,,,,4,1445,10630,Public
1.59773E+12,0,308,180507,2024-06-04T13:21:01.000Z,0,0,InitialAccess,T1078;T1078.004,TruePositive,,,CloudLogonRequest,Related,98799,138268,360606,160396,441377,673934,425863,453297,153085,529644,,1631,635,860,2251,3421,881,,289573,117668,3586,,,5,66,,,,242,1445,10630,Private
1.46888E+12,14,3872,2837,2024-05-22T00:48:48.000Z,29,20,Impact,,TruePositive,,,Ip,Related,98799,138268,1388,160396,441377,673934,425863,453297,153085,529644,,1631,635,860,2251,3421,881,,289573,117668,3586,,,5,66,,,,242,1445,10630,Public
60129543931,0,224,1240842,2024-06-04T11:32:05.000Z,0,0,InitialAccess,T1078;T1078.004,TruePositive,,,Ip,Related,98799,138268,406,160396,441377,673934,425863,453297,153085,529644,,1631,635,860,2251,3421,881,,289573,117668,3586,,,5,66,,,,1,0,0,Public
1.27131E+12,20,1678,1526,2024-05-30T11:17:23.000Z,59,10,Impact,,FalsePositive,,,Ip,Related,98799,138268,1777,160396,441377,673934,425863,453297,153085,529644,,1631,635,860,2251,3421,881,,289573,117668,3586,,,5,66,,,,242,1445,10630,Public
42949674214,252,37773,40570,2024-06-12T13:36:41.000Z,309,307,InitialAccess,,FalsePositive,,,Mailbox,Impacted,98799,138268,360606,160396,9299,8223,9237,9853,153085,529644,,1631,635,860,2251,3421,881,,289573,117668,3586,,,5,66,,,,242,1445,10630,Public
7.21555E+11,16,55813,230140,2024-06-03T17:42:03.000Z,24,23866,Exfiltration,,BenignPositive,,,User,Impacted,98799,138268,360606,160396,7305,10745,7353,7848,153085,529644,,1631,635,860,2251,3421,881,,289573,117668,3586,,,5,66,,,,242,1445,10630,Private
1.70081E+12,59,73127,749301,2024-06-04T14:01:59.000Z,2,2,CommandAndControl,,BenignPositive,,,User,Impacted,98799,138268,360606,160396,262787,384819,280272,273001,153085,529644,,1631,635,860,2251,3421,881,,289573,117668,3586,,,5,66,,Suspicious,Suspicious,242,1445,10630,Public
1.6235E+12,3,307908,287676,2024-06-16T12:12:58.000Z,2,2,CommandAndControl,,BenignPositive,,,Url,Related,98799,138268,360606,3378,441377,673934,425863,453297,153085,529644,,1631,635,860,2251,3421,881,,289573,117668,3586,,,5,66,,Suspicious,Suspicious,242,1445,10630,Private
5.41166E+11,76,147,838095,2024-06-11T16:43:47.000Z,4,3,InitialAccess,,TruePositive,,,CloudLogonRequest,Related,98799,138268,360606,160396,441377,673934,425863,453297,153085,529644,,1631,635,860,2251,3421,881,,289573,117668,3586,,,5,66,,,,242,1445,10630,Public
3.86547E+11,35,210,529317,2024-06-09T13:51:39.000Z,7,6,InitialAccess,,TruePositive,,,Ip,Related,98799,138268,70,160396,441377,673934,425863,453297,153085,529644,,1631,635,860,2251,3421,881,,289573,117668,3586,,,5,66,,,,0,43,51,Public
1.39157E+12,11,418432,979171,2024-06-11T09:48:30.000Z,0,0,InitialAccess,T1078;T1078.004,FalsePositive,,,Ip,Related,98799,138268,35713,160396,441377,673934,425863,453297,153085,529644,,1631,635,860,2251,3421,881,,289573,117668,3586,,,5,66,,,,8,6,3,Public
1.44311E+12,8,5559,109618,2024-06-08T04:16:48.000Z,3,4,SuspiciousActivity,,TruePositive,,,Url,Related,98799,138268,360606,31,441377,673934,425863,453297,153085,529644,,1631,635,860,2251,3421,881,,289573,117668,3586,,,5,66,,,,242,1445,10630,Private
3.60777E+11,392,217580,115657,2024-06-15T02:50:33.000Z,13,11,InitialAccess,T1566,TruePositive,,,MailCluster,Related,98799,138268,360606,160396,441377,673934,425863,453297,153085,529644,,1631,635,860,2251,3421,881,,289573,117668,3586,,,5,66,,,Malicious,242,1445,10630,Public
7.81684E+11,8,137691,242925,2024-06-06T14:28:40.000Z,10,8,InitialAccess,T1566.001,TruePositive,,,MailCluster,Related,98799,138268,360606,160396,441377,673934,425863,453297,153085,529644,,1631,635,860,2251,3421,881,,289573,117668,3586,,,5,66,,,Malicious,242,1445,10630,Public
1.01361E+12,228,172088,237774,2024-06-15T22:02:35.000Z,1,1,InitialAccess,T1566.002,BenignPositive,,,MailCluster,Related,98799,138268,360606,160396,441377,673934,425863,453297,153085,529644,4026266159,1631,635,860,2251,3421,881,,289573,117668,3586,,,5,66,,,Malicious,242,1445,10630,Private
1.3658E+12,57,18358,70368,2024-06-04T17:54:55.000Z,46,12874,Exfiltration,,BenignPositive,,,File,Impacted,98799,138268,360606,160396,441377,673934,425863,453297,153085,529644,,1631,635,860,2251,3421,881,,10681,271,3586,,,5,66,,,,242,1445,10630,Public
3.52187E+11,0,133,975413,2024-06-10T01:44:46.000Z,0,0,InitialAccess,T1078;T1078.004,TruePositive,,,CloudLogonRequest,Related,98799,138268,360606,160396,441377,673934,425863,453297,153085,529644,,1631,635,860,2251,3421,881,,289573,117668,3586,,,5,66,,,,242,1445,10630,Public
5.58346E+11,8,13271,624190,2024-06-13T00:08:46.000Z,3,4,SuspiciousActivity,,TruePositive,,,Process,Related,98799,463,360606,160396,441377,673934,425863,453297,153085,529644,,1631,635,860,2251,3421,881,,100,1244,3586,,,5,66,,Suspicious,Suspicious,242,1445,10630,Public
94489280532,6,615,194,2024-05-22T04:09:07.000Z,17,676,Impact,,BenignPositive,,,Ip,Related,98799,138268,295,160396,441377,673934,425863,453297,153085,529644,,1631,635,860,2251,3421,881,,289573,117668,3586,,,5,66,,,,242,1445,10630,Private
77309415091,3,61167,110088,2024-06-13T11:57:34.000Z,3,133,SuspiciousActivity,,BenignPositive,,,User,Impacted,98799,138268,360606,160396,15095,24352,15009,16100,153085,529644,,1631,635,860,2251,3421,881,,289573,117668,3586,,,5,66,,Suspicious,Suspicious,242,1445,10630,Public
85899349847,20,1784,1550,2024-05-30T09:41:06.000Z,79,1378,Impact,,FalsePositive,,,Ip,Related,98799,138268,8316,160396,441377,673934,425863,453297,153085,529644,,1631,635,860,2251,3421,881,,289573,117668,3586,,,5,66,,,,242,1445,10630,Public
3.17828E+11,67,3610,22638,2024-06-16T15:32:38.000Z,1,1,InitialAccess,T1566.002,BenignPositive,,,Url,Related,98799,138268,360606,13731,441377,673934,425863,453297,153085,529644,,1631,635,860,2251,3421,881,,289573,117668,3586,,,5,66,,,NoThreatsFound,242,1445,10630,Public
2.66288E+11,5,63,1038186,2024-06-14T08:18:59.000Z,0,0,InitialAccess,T1078;T1078.004,TruePositive,,,Ip,Related,98799,138268,84457,160396,441377,673934,425863,453297,153085,529644,,1631,635,860,2251,3421,881,,289573,117668,3586,,,5,66,,,,0,18,1832,Private
1.22836E+12,318,120734,236806,2024-06-14T21:34:26.000Z,47,30,InitialAccess,T1566.002,TruePositive,,,Mailbox,Impacted,98799,138268,360606,160396,11977,9502,11928,12866,153085,529644,,1631,635,860,2251,3421,881,,289573,117668,3586,,,5,66,,,NoThreatsFound,242,1445,10630,Public
1.20259E+12,344,22367,32230,2024-06-04T12:38:12.000Z,11,9,InitialAccess,T1566,FalsePositive,,,MailMessage,Related,98799,138268,360606,160396,441377,295631,425863,453297,153085,344797,,1631,635,860,2251,3421,881,,289573,117668,3586,,,5,66,,,,242,1445,10630,Public
1.88979E+11,20,77004,656526,2024-06-09T02:50:38.000Z,1,1,InitialAccess,T1566.002,BenignPositive,,,Mailbox,Impacted,98799,138268,360606,160396,72031,117762,70805,79770,153085,529644,,1631,635,860,2251,3421,881,,289573,117668,3586,,,5,66,,,,242,1445,10630,Public
68719477550,406,632,37547,2024-05-21T23:32:53.000Z,224,203,Impact,,TruePositive,,,Ip,Related,98799,138268,5555,160396,441377,673934,425863,453297,153085,529644,,1631,635,860,2251,3421,881,,289573,117668,3586,,,5,66,,,,242,1445,10630,Private
60129546859,66,98196,1380708,2024-06-07T06:28:40.000Z,5,34,SuspiciousActivity,,TruePositive,,,CloudApplication,Impacted,98799,138268,360606,160396,441377,673934,425863,453297,153085,529644,,1631,635,860,1,1,881,,289573,117668,3586,,,5,66,,,,242,1445,10630,Private
2.57698E+11,32,1417,89910,2024-06-13T07:54:43.000Z,3,4,SuspiciousActivity,,BenignPositive,,,Url,Related,98799,138268,360606,301,441377,673934,425863,453297,153085,529644,,1631,635,860,2251,3421,881,,289573,117668,3586,,,5,66,,,,242,1445,10630,Public
1.194E+12,88,17283,77554,2024-06-17T00:05:01.000Z,58,43,Exfiltration,,FalsePositive,,,User,Impacted,98799,138268,360606,160396,66415,62258,72631,71851,153085,529644,,1631,635,860,2251,3421,881,,289573,117668,3586,,,5,66,,,,242,1445,10630,Public
4.20907E+11,121,243,570618,2024-06-08T11:33:45.000Z,5,66,SuspiciousActivity,,TruePositive,,,CloudApplication,Impacted,98799,138268,360606,160396,441377,673934,425863,453297,153085,529644,,1631,635,860,0,0,881,,289573,117668,3586,,,5,66,,,,242,1445,10630,Private
2.57698E+11,12,1996,1370,2024-06-01T14:57:12.000Z,16,146,Impact,,BenignPositive,,,Ip,Related,98799,138268,2591,160396,441377,673934,425863,453297,153085,529644,,1631,635,860,2251,3421,881,,289573,117668,3586,,,5,66,,,,242,1445,10630,Public
1.61491E+12,49,292224,772398,2024-06-07T12:37:08.000Z,2,2,CommandAndControl,,TruePositive,,,Machine,Impacted,70088,138268,360606,160396,441377,673934,425863,453297,96240,529644,,1631,635,860,2251,3421,881,,289573,117668,3586,,,0,0,,Suspicious,Suspicious,242,1445,10630,Public
1.14246E+12,105,49583,453849,2024-06-11T18:37:59.000Z,6,5,InitialAccess,T1566,FalsePositive,,,Ip,Related,98799,138268,142048,160396,441377,673934,425863,453297,153085,529644,,1631,635,860,2251,3421,881,,289573,117668,3586,,,5,66,,,NoThreatsFound,242,1445,10630,Public
7.73094E+11,0,264,513091,2024-06-03T06:40:59.000Z,0,0,InitialAccess,T1078;T1078.004,TruePositive,,,User,Impacted,98799,138268,360606,160396,356,469,346,383,153085,529644,,1631,635,860,2251,3421,881,,289573,117668,3586,,,5,66,,,,242,1445,10630,Public
5.58346E+11,28,5647,41104,2024-06-06T02:00:16.000Z,1,1,InitialAccess,T1566.002,TruePositive,,,MailCluster,Related,98799,138268,360606,160396,441377,673934,425863,453297,153085,529644,3155948245,1631,635,860,2251,3421,881,,289573,117668,3586,,,5,66,,,Malicious,242,1445,10630,Public
1.46029E+12,60,109,29651,2024-06-06T01:20:42.000Z,326,13016,Exfiltration,,FalsePositive,,,MailMessage,Impacted,98799,138268,360606,160396,441377,150493,425863,453297,153085,54831,,1631,635,860,2251,3421,881,,289573,117668,3586,,,5,66,,,,242,1445,10630,Public
8589938727,108,119074,149118,2024-06-14T16:53:51.000Z,1,1,InitialAccess,T1566.002,BenignPositive,,,Url,Related,98799,138268,360606,7176,441377,673934,425863,453297,153085,529644,,1631,635,860,2251,3421,881,,289573,117668,3586,,,5,66,,,NoThreatsFound,242,1445,10630,Public
1.60632E+12,13,13420,10455,2024-06-14T18:13:09.000Z,34,2041,Exfiltration,,BenignPositive,,,File,Impacted,98799,486,360606,160396,441377,673934,425863,453297,153085,529644,,1631,635,860,2251,3421,881,,547,5,3586,,,5,66,,,,242,1445,10630,Private
3.00648E+11,265,16354,31978,2024-06-04T00:42:46.000Z,1,1,InitialAccess,T1566.002,FalsePositive,,,File,Related,98799,4758,360606,160396,441377,673934,425863,453297,153085,529644,,1631,635,860,2251,3421,881,,42,117668,3586,,,5,66,,,,242,1445,10630,Public
1.28849E+11,1670,107797,1361079,2024-06-03T23:38:17.000Z,5,49,SuspiciousActivity,,FalsePositive,,,User,Impacted,98799,138268,360606,160396,296204,390104,213186,260920,153085,529644,,1631,635,860,2251,3421,881,,289573,117668,3586,,,5,66,,,,242,1445,10630,Public
3.43597E+11,1127,73482,237068,2024-06-12T05:15:32.000Z,10,8,InitialAccess,T1566.001,BenignPositive,,,User,Impacted,98799,138268,360606,160396,166539,131902,158628,154178,153085,529644,,1631,635,860,2251,3421,881,,289573,117668,3586,,,5,66,,,,242,1445,10630,Public
1.38298E+12,29,2735,1772,2024-06-03T10:12:29.000Z,54,33,Persistence,T1078;T1098,BenignPositive,,,User,Impacted,98799,138268,360606,160396,441377,283320,425863,190145,153085,529644,,1631,635,860,2251,3421,881,,289573,117668,3586,,,5,66,,,,242,1445,10630,Public
1.00502E+12,1,237,162632,2024-06-03T22:59:25.000Z,0,0,InitialAccess,T1078;T1078.004,TruePositive,,,User,Impacted,98799,138268,360606,160396,4658,6474,4646,4960,153085,529644,,1631,635,860,2251,3421,881,,289573,117668,3586,,,5,66,,,,242,1445,10630,Private
1.64927E+12,23,142,404719,2024-06-06T12:42:55.000Z,4,3,InitialAccess,,TruePositive,,,CloudLogonRequest,Related,98799,138268,360606,160396,441377,673934,425863,453297,153085,529644,,1631,635,860,2251,3421,881,,289573,117668,3586,,,5,66,,,,242,1445,10630,Private
1.24554E+12,663,4611,150991,2024-06-13T21:09:01.000Z,1,1,InitialAccess,T1566.002,BenignPositive,,,Url,Related,98799,138268,360606,79625,441377,673934,425863,453297,153085,529644,,1631,635,860,2251,3421,881,,289573,117668,3586,,,5,66,,,NoThreatsFound,242,1445,10630,Public
6.09885E+11,17,269,132944,2024-06-07T20:23:17.000Z,20,1854,Exfiltration,,FalsePositive,,,User,Impacted,98799,138268,360606,160396,1906,2508,1900,1992,153085,529644,,1631,635,860,2251,3421,881,,289573,117668,3586,,,5,66,,,,242,1445,10630,Public
9.62073E+11,619,313340,1021244,2024-06-13T06:56:52.000Z,4,3,InitialAccess,,FalsePositive,,,Ip,Related,98799,138268,109405,160396,441377,673934,425863,453297,153085,529644,,1631,635,860,2251,3421,881,,289573,117668,3586,,,5,66,,,,0,1445,10630,Public
1.16823E+12,130,16045,37985,2024-06-03T09:50:49.000Z,1,1,InitialAccess,T1566.002,TruePositive,,,Url,Related,98799,138268,360606,69878,441377,673934,425863,453297,153085,529644,,1631,635,860,2251,3421,881,,289573,117668,3586,,,5,66,,,Malicious,242,1445,10630,Private
3.26418E+11,48,453027,595009,2024-06-15T16:52:47.000Z,9,45,Execution,,BenignPositive,,,File,Related,98799,66141,360606,160396,441377,673934,425863,453297,153085,529644,,1631,635,860,2251,3421,881,,122318,117668,3586,,,5,66,,,,242,1445,10630,Public
9.62073E+11,2,9939,6702,2024-06-10T09:18:13.000Z,18,14,Exfiltration,,BenignPositive,,,MailMessage,Impacted,98799,138268,360606,160396,441377,11,425863,453297,153085,35776,,1631,635,860,2251,3421,881,,289573,117668,3586,,,5,66,,,,242,1445,10630,Public
4.72446E+11,31,19,18958,2024-06-05T17:17:24.000Z,45,569,Exfiltration,,BenignPositive,,,File,Impacted,98799,138268,360606,160396,441377,673934,425863,453297,153085,529644,,1631,635,860,2251,3421,881,,218,190,3586,,,5,66,,,,242,1445,10630,Public
1.97568E+11,419,71316,370295,2024-06-14T13:51:31.000Z,121,102,CredentialAccess,T1110;T1110.001;T1110.003,BenignPositive,,,User,Related,98799,138268,360606,160396,105897,174958,103182,108317,153085,529644,,1631,635,860,2251,3421,881,,289573,117668,3586,,Contextual,5,66,,,,242,1445,10630,Public
1.28849E+11,1,246,376796,2024-06-05T09:06:17.000Z,0,0,InitialAccess,T1078;T1078.004,TruePositive,,,CloudLogonRequest,Related,98799,138268,360606,160396,441377,673934,425863,453297,153085,529644,,1631,635,860,2251,3421,881,,289573,117668,3586,,,5,66,,,,242,1445,10630,Public
1.37439E+12,39,480,6748,2024-06-14T22:41:37.000Z,6,5,InitialAccess,T1566,BenignPositive,,,User,Impacted,98799,138268,360606,160396,14128,11782,13778,15097,153085,529644,,1631,635,860,2251,3421,881,,289573,117668,3586,,,5,66,,,,242,1445,10630,Public
5.06806E+11,257,206303,94887,2024-06-07T17:48:35.000Z,6,5,InitialAccess,T1566,BenignPositive,,,File,Related,98799,40682,360606,160396,441377,673934,425863,453297,153085,529644,,1631,635,860,2251,3421,881,,63641,117668,3586,,,5,66,,,,242,1445,10630,Public
6.18475E+11,30,58981,36506,2024-06-11T17:07:18.000Z,147,12755,Exfiltration,,FalsePositive,,,MailMessage,Impacted,98799,138268,360606,160396,441377,407373,425863,453297,153085,15608,,1631,635,860,2251,3421,881,,289573,117668,3586,,,5,66,,,,242,1445,10630,Public
1.03938E+12,90,205,883875,2024-06-03T22:05:43.000Z,4,3,InitialAccess,,TruePositive,,,Ip,Related,98799,138268,60,160396,441377,673934,425863,453297,153085,529644,,1631,635,860,2251,3421,881,,289573,117668,3586,,,5,66,,,,7,8,6,Public
1.13387E+12,83,52342,145502,2024-06-05T15:53:06.000Z,60,32521,Exfiltration,,BenignPositive,,,MailMessage,Impacted,98799,138268,360606,160396,441377,26410,425863,453297,153085,185773,,1631,635,860,2251,3421,881,,289573,117668,3586,,,5,66,,,,242,1445,10630,Public
1.80389E+11,101,312,449384,2024-06-10T11:34:50.000Z,6,5,InitialAccess,T1566,TruePositive,,,MailMessage,Related,98799,138268,360606,160396,441377,22471,425863,453297,153085,60282,,1631,635,860,2251,3421,881,,289573,117668,3586,,,5,66,,,,242,1445,10630,Public
4.89626E+11,468,47776,965689,2024-06-13T17:03:42.000Z,4,3,InitialAccess,,FalsePositive,,,Ip,Related,98799,138268,296882,160396,441377,673934,425863,453297,153085,529644,,1631,635,860,2251,3421,881,,289573,117668,3586,,,5,66,,,,12,1445,10630,Private
1.80389E+11,11,414858,992335,2024-06-07T07:45:03.000Z,4,3,InitialAccess,,FalsePositive,,,Ip,Related,98799,138268,357789,160396,441377,673934,425863,453297,153085,529644,,1631,635,860,2251,3421,881,,289573,117668,3586,,,5,66,,,,2,1445,10630,Public
1.03079E+11,20,3915,2428,2024-06-01T17:22:58.000Z,117,95,Impact,,FalsePositive,,,Ip,Related,98799,138268,220,160396,441377,673934,425863,453297,153085,529644,,1631,635,860,2251,3421,881,,289573,117668,3586,,,5,66,,,,242,1445,10630,Public
1.11669E+12,12,1860,1454,2024-06-01T01:24:24.000Z,16,51,Impact,,BenignPositive,,,Ip,Related,98799,138268,730,160396,441377,673934,425863,453297,153085,529644,,1631,635,860,2251,3421,881,,289573,117668,3586,,,5,66,,,,242,1445,10630,Public
1.67504E+12,0,256,1002287,2024-06-03T08:48:14.000Z,4,3,InitialAccess,,TruePositive,,,Ip,Related,98799,138268,46369,160396,441377,673934,425863,453297,153085,529644,,1631,635,860,2251,3421,881,,289573,117668,3586,,,5,66,,,,4,219,2696,Public
2.31928E+11,2,207506,368573,2024-06-10T14:56:12.000Z,6,5,InitialAccess,T1566,BenignPositive,,,MailMessage,Related,98799,138268,360606,160396,441377,16373,425863,453297,153085,196295,,1631,635,860,2251,3421,881,,289573,117668,3586,,,5,66,,,,242,1445,10630,Public
3.86547E+11,35,210,504414,2024-06-10T14:07:16.000Z,0,0,InitialAccess,T1078;T1078.004,TruePositive,,,Ip,Related,98799,138268,2269,160396,441377,673934,425863,453297,153085,529644,,1631,635,860,2251,3421,881,,289573,117668,3586,,,5,66,,,,12,12,9,Public
5.23986E+11,16,99017,477072,2024-06-03T21:06:38.000Z,24,919,Exfiltration,,BenignPositive,,,MailMessage,Impacted,98799,138268,360606,160396,441377,427184,425863,453297,153085,232737,,1631,635,860,2251,3421,881,,289573,117668,3586,,,5,66,,,,242,1445,10630,Public
34359742904,380,103123,458795,2024-06-10T20:27:38.000Z,13,11,InitialAccess,T1566,BenignPositive,,,Ip,Related,98799,138268,240154,160396,441377,673934,425863,453297,153085,529644,,1631,635,860,2251,3421,881,,289573,117668,3586,,,5,66,,,NoThreatsFound,242,1445,10630,Public
9.87842E+11,4,2667,400,2024-05-29T10:38:05.000Z,8,7,InitialAccess,T1133,FalsePositive,,,Machine,Impacted,98799,138268,360606,160396,441377,673934,425863,453297,437,529644,,1631,635,860,2251,3421,881,,289573,117668,3586,,,5,66,,,,242,1445,10630,Public
1.42593E+12,2,9023,3080,2024-06-13T12:21:42.000Z,18,14,Exfiltration,,BenignPositive,,,File,Impacted,98799,138268,360606,160396,441377,673934,425863,453297,153085,529644,,1631,635,860,2251,3421,881,,135468,4049,3586,,,5,66,,,,242,1445,10630,Public
4.72446E+11,4,291,491,2024-05-28T04:33:09.000Z,8,7,InitialAccess,T1133,FalsePositive,,,Machine,Impacted,98799,138268,360606,160396,441377,673934,425863,453297,83,529644,,1631,635,860,2251,3421,881,,289573,117668,3586,,,5,66,,,,242,1445,10630,Private
9.87842E+11,4,2667,400,2024-05-29T10:38:05.000Z,8,7,InitialAccess,T1133,FalsePositive,,,Machine,Impacted,98799,138268,360606,160396,441377,673934,425863,453297,487,529644,,1631,635,860,2251,3421,881,,289573,117668,3586,,,5,66,,,,242,1445,10630,Public
9.70663E+11,11,409716,875171,2024-06-06T03:28:19.000Z,0,0,InitialAccess,T1078;T1078.004,FalsePositive,,,Ip,Related,98799,138268,4743,160396,441377,673934,425863,453297,153085,529644,,1631,635,860,2251,3421,881,,289573,117668,3586,,,5,66,,,,2,15,13,Public
6.78605E+11,1,75,1198723,2024-06-07T09:04:17.000Z,0,0,InitialAccess,T1078;T1078.004,TruePositive,,,User,Impacted,98799,138268,360606,160396,3434,4584,3421,3608,153085,529644,,1631,635,860,2251,3421,881,,289573,117668,3586,,,5,66,,,,242,1445,10630,Public
1.37439E+11,0,402,380001,2024-06-04T13:55:51.000Z,4,3,InitialAccess,,TruePositive,,,Ip,Related,98799,138268,4374,160396,441377,673934,425863,453297,153085,529644,,1631,635,860,2251,3421,881,,289573,117668,3586,,,5,66,,,,0,44,60,Private
25769805383,21,887,618939,2024-06-10T23:30:34.000Z,3,4,SuspiciousActivity,,BenignPositive,,,Ip,Related,98799,138268,37129,160396,441377,673934,425863,453297,153085,529644,,1631,635,860,2251,3421,881,,289573,117668,3586,,,5,66,,Suspicious,Suspicious,242,1445,10630,Private
1.20259E+12,8,211952,721201,2024-06-07T08:38:39.000Z,3,4,SuspiciousActivity,,TruePositive,,,Process,Related,98799,0,360606,160396,441377,673934,425863,453297,153085,529644,,1631,635,860,2251,3421,881,,0,2,3586,,,5,66,,Suspicious,Suspicious,242,1445,10630,Public
1.39157E+12,57,498667,659249,2024-06-09T09:07:19.000Z,361,369,InitialAccess,,TruePositive,,,Mailbox,Impacted,98799,138268,360606,160396,6933,5938,7009,5888,153085,529644,,1631,635,860,2251,3421,881,,289573,117668,3586,,,5,66,,,,242,1445,10630,Public
4.20907E+11,121,243,571220,2024-06-08T17:17:08.000Z,5,66,SuspiciousActivity,,TruePositive,,,Ip,Related,98799,138268,3680,160396,441377,673934,425863,453297,153085,529644,,1631,635,860,2251,3421,881,,289573,117668,3586,,Contextual,5,66,,,,242,1445,10630,Private
85899350241,1046,27262,45637,2024-06-04T17:37:23.000Z,10,8,InitialAccess,T1566.001,FalsePositive,,,MailMessage,Related,98799,138268,360606,160396,441377,49414,425863,453297,153085,49828,,1631,635,860,2251,3421,881,,289573,117668,3586,,,5,66,Intraorg,,NoThreatsFound,242,1445,10630,Public
5.49756E+11,3,267152,196858,2024-06-07T10:50:58.000Z,3,135,SuspiciousActivity,,BenignPositive,,,Url,Related,98799,138268,360606,85,441377,673934,425863,453297,153085,529644,,1631,635,860,2251,3421,881,,289573,117668,3586,,,5,66,,,,242,1445,10630,Public
1.37439E+11,34,282331,599591,2024-06-15T01:19:16.000Z,2,2,CommandAndControl,,BenignPositive,,,Url,Related,98799,138268,360606,3494,441377,673934,425863,453297,153085,529644,,1631,635,860,2251,3421,881,,289573,117668,3586,,,5,66,,Suspicious,Suspicious,242,1445,10630,Private
5.06806E+11,718,3384,704,2024-06-05T15:32:24.000Z,27,18,Discovery,T1087;T1087.002,TruePositive,,,Machine,Related,98799,138268,360606,160396,441377,673934,425863,453297,64570,529644,,1631,635,860,2251,3421,881,,289573,117668,3586,,Destination,5,66,,,,242,1445,10630,Private
2.57698E+11,111,8,76489,2024-06-08T09:11:42.000Z,43,28,Malware,T1027;T1204.002,BenignPositive,,,Process,Related,98799,1290,360606,160396,441377,673934,425863,453297,153085,529644,,1631,635,860,2251,3421,881,,1474,10,3586,,,5,66,,Suspicious,Suspicious,242,1445,10630,Public
6.70015E+11,10,191,642,2024-05-21T22:37:14.000Z,12,41,Impact,,TruePositive,,,Ip,Related,98799,138268,129,160396,441377,673934,425863,453297,153085,529644,,1631,635,860,2251,3421,881,,289573,117668,3586,,,5,66,,,,242,1445,10630,Public
1.21118E+12,69,94830,611896,2024-06-07T00:23:25.000Z,3,469,SuspiciousActivity,,BenignPositive,,,Ip,Related,98799,138268,389,160396,441377,673934,425863,453297,153085,529644,,1631,635,860,2251,3421,881,,289573,117668,3586,,,5,66,,Suspicious,Suspicious,242,1445,10630,Private
1.26272E+12,4,1562,378,2024-05-20T14:08:29.000Z,8,7,InitialAccess,T1133,FalsePositive,,,Machine,Impacted,98799,138268,360606,160396,441377,673934,425863,453297,964,529644,,1631,635,860,2251,3421,881,,289573,117668,3586,,,5,66,,,,242,1445,10630,Public
5.84116E+11,125,34627,18092,2024-06-03T12:43:53.000Z,313,3858,Exfiltration,,BenignPositive,,,MailMessage,Impacted,98799,138268,360606,160396,441377,37337,425863,453297,153085,626,,1631,635,860,2251,3421,881,,289573,117668,3586,,,5,66,,,,242,1445,10630,Private
7.73094E+11,70,132870,1548141,2024-06-13T10:51:08.000Z,391,402,Discovery,T1087;T1069;T1482;T1087.002;T1069.002,BenignPositive,,,Machine,Related,98799,138268,360606,160396,441377,673934,425863,453297,31367,529644,,1631,635,860,2251,3421,881,,289573,117668,3586,,Destination,5,66,,,,242,1445,10630,Public
3.86547E+11,28,8037,5426,2024-06-16T01:26:45.000Z,1,1,InitialAccess,T1566.002,TruePositive,,,User,Impacted,98799,138268,360606,160396,31693,34899,32198,36934,153085,529644,,1631,635,860,2251,3421,881,,289573,117668,3586,,,5,66,,,,242,1445,10630,Public
1.37439E+11,0,313,107465,2024-06-08T23:00:46.000Z,0,0,InitialAccess,T1078;T1078.004,TruePositive,,,User,Impacted,98799,138268,360606,160396,983,1364,982,1045,153085,529644,,1631,635,860,2251,3421,881,,289573,117668,3586,,,5,66,,,,242,1445,10630,Private
1.39157E+12,694,4552,36988,2024-06-03T05:00:24.000Z,1,1,InitialAccess,T1566.002,TruePositive,,,Url,Related,98799,138268,360606,56066,441377,673934,425863,453297,153085,529644,,1631,635,860,2251,3421,881,,289573,117668,3586,,,5,66,,,NoThreatsFound,242,1445,10630,Public
1.33144E+12,31,133288,64541,2024-06-07T16:23:30.000Z,45,406,Exfiltration,,BenignPositive,,,User,Impacted,98799,138268,360606,160396,561,746,555,598,153085,529644,,1631,635,860,2251,3421,881,,289573,117668,3586,,,5,66,,,,242,1445,10630,Public
1.64927E+12,46,206307,364248,2024-06-05T11:19:29.000Z,6,5,InitialAccess,T1566,BenignPositive,,,MailCluster,Related,98799,138268,360606,160396,441377,673934,425863,453297,153085,529644,,1631,635,860,2251,3421,881,,289573,117668,3586,,,5,66,,,,242,1445,10630,Public
7.47324E+11,8,12078,259747,2024-06-04T23:39:45.000Z,3,4,SuspiciousActivity,,TruePositive,,,Machine,Impacted,14,138268,360606,160396,441377,673934,425863,453297,14,529644,,1631,635,860,2251,3421,881,,289573,117668,3586,,,5,66,,Suspicious,Suspicious,242,1445,10630,Public
4.46677E+11,56,248494,72147,2024-06-15T00:59:52.000Z,13,11,InitialAccess,T1566,TruePositive,,,MailCluster,Related,98799,138268,360606,160396,441377,673934,425863,453297,153085,529644,,1631,635,860,2251,3421,881,,289573,117668,3586,,,5,66,,,Malicious,242,1445,10630,Public
9.44893E+11,52,3023,1974,2024-06-12T16:40:07.000Z,188,152,DefenseEvasion,,TruePositive,,,User,Impacted,98799,138268,360606,160396,55248,93859,54882,60194,153085,529644,,1631,635,860,2251,3421,881,,289573,117668,3586,,,5,66,,,,242,1445,10630,Public
1.57196E+12,60,126,477348,2024-06-07T10:20:34.000Z,51,1654,Exfiltration,,FalsePositive,,,MailMessage,Impacted,98799,138268,360606,160396,441377,209922,425863,453297,153085,414052,,1631,635,860,2251,3421,881,,289573,117668,3586,,,5,66,,,,242,1445,10630,Public
1.34003E+12,515,2799,147940,2024-06-09T23:16:18.000Z,1,1,InitialAccess,T1566.002,BenignPositive,,,Mailbox,Impacted,98799,138268,360606,160396,106801,76629,102767,65030,153085,529644,,1631,635,860,2251,3421,881,,289573,117668,3586,,,5,66,,,Malicious,242,1445,10630,Private
5.66936E+11,0,222,541933,2024-06-03T04:24:07.000Z,7,6,InitialAccess,,TruePositive,,,Ip,Related,98799,138268,81,160396,441377,673934,425863,453297,153085,529644,,1631,635,860,2251,3421,881,,289573,117668,3586,,,5,66,,,,2,2,2,Private
7.73094E+11,0,264,489587,2024-06-03T10:22:08.000Z,7,6,InitialAccess,,TruePositive,,,User,Impacted,98799,138268,360606,160396,3161,4257,3184,3361,153085,529644,,1631,635,860,2251,3421,881,,289573,117668,3586,,,5,66,,,,242,1445,10630,Public
1.37439E+12,243,29136,1359133,2024-06-03T16:45:41.000Z,5,115,SuspiciousActivity,,TruePositive,,,Ip,Related,98799,138268,1995,160396,441377,673934,425863,453297,153085,529644,,1631,635,860,2251,3421,881,,289573,117668,3586,,Contextual,5,66,,,,242,1445,10630,Public
1.59773E+12,581,980,4191,2024-06-10T19:11:49.000Z,674,907,CredentialStealing,T1566,FalsePositive,,,User,Impacted,98799,138268,360606,160396,235460,409602,259113,278847,153085,529644,,1631,635,860,2251,3421,881,,289573,117668,3586,,,5,66,,,,242,1445,10630,Private
51539611868,30,178272,231156,2024-06-06T18:39:02.000Z,37,15347,Exfiltration,,FalsePositive,,,MailMessage,Impacted,98799,138268,360606,160396,441377,212504,425863,453297,153085,176570,,1631,635,860,2251,3421,881,,289573,117668,3586,,,5,66,,,,242,1445,10630,Public
8.41814E+11,0,91,411144,2024-06-07T15:06:18.000Z,0,0,InitialAccess,T1078;T1078.004,TruePositive,,,CloudLogonSession,Related,98799,138268,360606,160396,441377,673934,425863,453297,153085,529644,,1631,635,860,2251,3421,881,,289573,117668,3586,,,5,66,,,,242,1445,10630,Public
8.16044E+11,57,559,289691,2024-06-13T19:56:09.000Z,46,41176,Exfiltration,,BenignPositive,,,Machine,Impacted,98799,138268,360606,160396,441377,673934,425863,453297,1504,529644,,1631,635,860,2251,3421,881,,289573,117668,3586,,,5,66,,,,242,1445,10630,Public
2.74878E+11,143,164,363459,2024-06-06T15:03:37.000Z,6,5,InitialAccess,T1566,TruePositive,,,User,Impacted,98799,138268,360606,160396,244544,329613,241235,317720,153085,529644,,1631,635,860,2251,3421,881,,289573,117668,3586,,,5,66,,,,242,1445,10630,Public
1.67504E+12,0,256,1310343,2024-06-02T05:45:23.000Z,14,12,CredentialAccess,T1110;T1110.003;T1110.001,TruePositive,,,User,Impacted,98799,138268,360606,160396,11118,17764,11230,12067,153085,529644,,1631,635,860,2251,3421,881,,289573,117668,3586,,,5,66,,,,242,1445,10630,Public
1.28849E+12,804,86717,62165,2024-06-04T20:42:01.000Z,121,102,CredentialAccess,T1110;T1110.001;T1110.003,FalsePositive,,,User,Impacted,98799,138268,360606,160396,84953,124173,81994,84754,153085,529644,,1631,635,860,2251,3421,881,,289573,117668,3586,,Suspicious,5,66,,,,242,1445,10630,Public
1.21118E+12,363,88907,1513672,2024-06-14T13:00:18.000Z,25,17,InitialAccess,,BenignPositive,,,Mailbox,Impacted,98799,138268,360606,160396,68863,119619,52937,70473,153085,529644,,1631,635,860,2251,3421,881,,289573,117668,3586,,,5,66,,,,242,1445,10630,Public
9.19123E+11,12,1737,1209,2024-05-25T18:26:59.000Z,16,493,Impact,,BenignPositive,,,Ip,Related,98799,138268,7730,160396,441377,673934,425863,453297,153085,529644,,1631,635,860,2251,3421,881,,289573,117668,3586,,,5,66,,,,242,1445,10630,Public
1.61491E+12,82,13,3022,2024-06-06T09:32:36.000Z,1,1,InitialAccess,T1566.002,TruePositive,,,File,Related,98799,70309,360606,160396,441377,673934,425863,453297,153085,529644,,1631,635,860,2251,3421,881,,42,117668,3586,,,5,66,,,,242,1445,10630,Private
4.03727E+11,9,105018,128971,2024-06-07T19:31:06.000Z,728,993,Collection,T1074.001;T1560,FalsePositive,,,File,Related,98799,114586,360606,160396,441377,673934,425863,453297,153085,529644,,1631,635,860,2251,3421,881,,286245,74613,3586,,,5,66,,Suspicious,Suspicious,242,1445,10630,Private
1.34003E+12,6,2497,1441,2024-06-01T18:46:49.000Z,17,1361,Impact,,BenignPositive,,,Ip,Related,98799,138268,5697,160396,441377,673934,425863,453297,153085,529644,,1631,635,860,2251,3421,881,,289573,117668,3586,,,5,66,,,,242,1445,10630,Public
5.32576E+11,251,1036,442147,2024-06-05T13:42:54.000Z,173,618,Exfiltration,,FalsePositive,,,User,Impacted,98799,138268,360606,160396,304,413,294,332,153085,529644,,1631,635,860,2251,3421,881,,289573,117668,3586,,,5,66,,,,242,1445,10630,Public
5.58346E+11,1688,103216,948358,2024-06-08T16:34:10.000Z,0,0,InitialAccess,T1078;T1078.004,FalsePositive,,,Ip,Related,98799,138268,296475,160396,441377,673934,425863,453297,153085,529644,,1631,635,860,2251,3421,881,,289573,117668,3586,,,5,66,,,,6,152,8855,Public
17179871892,40,64122,32082,2024-06-11T18:06:04.000Z,1,1,InitialAccess,T1566.002,BenignPositive,,,Mailbox,Impacted,98799,138268,360606,160396,45366,33579,46499,47263,153085,529644,,1631,635,860,2251,3421,881,,289573,117668,3586,,,5,66,,,NoThreatsFound,242,1445,10630,Public
3.43597E+11,3,135440,767030,2024-06-15T00:19:13.000Z,2,2,CommandAndControl,,BenignPositive,,,Process,Related,98799,12,360606,160396,441377,673934,425863,453297,153085,529644,,1631,635,860,2251,3421,881,,10,13,3586,,,5,66,,Suspicious,Suspicious,242,1445,10630,Public
7.73094E+11,1396,7925,84733,2024-06-06T17:58:57.000Z,47,30,InitialAccess,T1566.002,FalsePositive,,,File,Related,98799,88767,360606,160396,441377,673934,425863,453297,153085,529644,,1631,635,860,2251,3421,881,,11,117668,3586,,,5,66,,,,242,1445,10630,Public
7.38734E+11,46,162627,1519834,2024-06-04T18:38:53.000Z,33,22,InitialAccess,,BenignPositive,,,MailMessage,Related,98799,138268,360606,160396,441377,104636,425863,453297,153085,443579,,1631,635,860,2251,3421,881,,289573,117668,3586,,,5,66,,,,242,1445,10630,Public
2.66288E+11,5,63,876044,2024-06-13T15:41:22.000Z,0,0,InitialAccess,T1078;T1078.004,TruePositive,,,User,Impacted,98799,138268,360606,160396,4019,5500,4044,4235,153085,529644,,1631,635,860,2251,3421,881,,289573,117668,3586,,,5,66,,,,242,1445,10630,Private
1.7094E+12,0,132,328665,2024-06-08T13:42:53.000Z,7,6,InitialAccess,,TruePositive,,,User,Impacted,98799,138268,360606,160396,14795,24389,14943,16101,153085,529644,,1631,635,860,2251,3421,881,,289573,117668,3586,,,5,66,,,,242,1445,10630,Public
7.90274E+11,65,364940,1142269,2024-06-09T19:22:01.000Z,76,56,SuspiciousActivity,,FalsePositive,,,File,Related,98799,8,360606,160396,441377,673934,425863,453297,153085,529644,,1631,635,860,2251,3421,881,,9,0,3586,,,5,66,,,,242,1445,10630,Public
1.21977E+12,151,10211,6778,2024-06-06T12:49:49.000Z,113,91,InitialAccess,,BenignPositive,,,Ip,Related,98799,138268,38396,160396,441377,673934,425863,453297,153085,529644,,1631,635,860,2251,3421,881,,289573,117668,3586,,,5,66,,,,242,1445,10630,Public
5.84116E+11,95,321,3077,2024-06-03T13:34:43.000Z,432,24,CredentialAccess,T1110;T1078,TruePositive,,,User,Impacted,98799,138268,360606,160396,104828,122743,106936,45625,153085,529644,,1631,635,860,2251,3421,881,,289573,117668,3586,,,5,66,,,,242,1445,10630,Public
34359741144,40,145618,130007,2024-06-12T13:21:34.000Z,2,2,CommandAndControl,,BenignPositive,,,Url,Related,98799,138268,360606,1,441377,673934,425863,453297,153085,529644,,1631,635,860,2251,3421,881,,289573,117668,3586,,,5,66,,Suspicious,Suspicious,242,1445,10630,Public
1.58914E+12,1230,68971,1075910,2024-06-10T16:23:55.000Z,5,49,SuspiciousActivity,,FalsePositive,,,CloudApplication,Impacted,98799,138268,360606,160396,441377,673934,425863,453297,153085,529644,,1631,635,860,5,5,881,,289573,117668,3586,,,5,66,,,,242,1445,10630,Public
8.50404E+11,110,144,1248469,2024-06-05T18:20:40.000Z,0,0,InitialAccess,T1078;T1078.004,TruePositive,,,Ip,Related,98799,138268,85,160396,441377,673934,425863,453297,153085,529644,,1631,635,860,2251,3421,881,,289573,117668,3586,,,5,66,,,,3,5,24,Private
1.3658E+12,54,277721,646525,2024-06-13T06:34:14.000Z,156,58484,Exfiltration,,BenignPositive,,,User,Impacted,98799,138268,360606,160396,13513,22412,13559,13336,153085,529644,,1631,635,860,2251,3421,881,,289573,117668,3586,,,5,66,,,,242,1445,10630,Public
6.70015E+11,389,92792,584770,2024-06-12T05:17:01.000Z,5,481,SuspiciousActivity,,BenignPositive,,,CloudApplication,Impacted,98799,138268,360606,160396,441377,673934,425863,453297,153085,529644,,1631,635,860,8,8,881,,289573,117668,3586,,,5,66,,,,242,1445,10630,Public
1.32285E+12,63,148,1298874,2024-06-14T17:31:20.000Z,7,6,InitialAccess,,TruePositive,,,User,Impacted,98799,138268,360606,160396,1035,1424,1035,1098,153085,529644,,1631,635,860,2251,3421,881,,289573,117668,3586,,,5,66,,,,242,1445,10630,Public
5.23986E+11,222,20064,1058185,2024-06-13T00:47:54.000Z,0,0,InitialAccess,T1078;T1078.004,FalsePositive,,,Ip,Related,98799,138268,776,160396,441377,673934,425863,453297,153085,529644,,1631,635,860,2251,3421,881,,289573,117668,3586,,,5,66,,,,11,53,50,Private
1.03938E+12,90,205,1326353,2024-06-04T01:30:39.000Z,0,0,InitialAccess,T1078;T1078.004,TruePositive,,,User,Impacted,98799,138268,360606,160396,5011,6953,5029,5316,153085,529644,,1631,635,860,2251,3421,881,,289573,117668,3586,,,5,66,,,,242,1445,10630,Public
1.68363E+12,32,761,191885,2024-06-04T05:57:49.000Z,3,4,SuspiciousActivity,,BenignPositive,,,Process,Related,98799,3,360606,160396,441377,673934,425863,453297,153085,529644,,1631,635,860,2251,3421,881,,1,1,3586,,,5,66,,Suspicious,Suspicious,242,1445,10630,Public
1.20259E+12,24,463090,1372466,2024-06-05T21:56:13.000Z,5,50,SuspiciousActivity,,BenignPositive,,,User,Impacted,98799,138268,360606,160396,369121,629903,352506,426931,153085,529644,,1631,635,860,2251,3421,881,,289573,117668,3586,,,5,66,,,,242,1445,10630,Private
1.03938E+12,5,358493,74522,2024-06-04T21:07:43.000Z,4,3,InitialAccess,,TruePositive,,,Ip,Related,98799,138268,3880,160396,441377,673934,425863,453297,153085,529644,,1631,635,860,2251,3421,881,,289573,117668,3586,,,5,66,,,,3,26,27,Public
3.86547E+11,35,210,409480,2024-06-10T07:40:01.000Z,0,0,InitialAccess,T1078;T1078.004,TruePositive,,,Ip,Related,98799,138268,36,160396,441377,673934,425863,453297,153085,529644,,1631,635,860,2251,3421,881,,289573,117668,3586,,,5,66,,,,1,0,0,Public
1.39157E+12,31,72097,112850,2024-06-06T14:26:54.000Z,45,831,Exfiltration,,BenignPositive,,,User,Impacted,98799,138268,360606,160396,235,323,226,261,153085,529644,,1631,635,860,2251,3421,881,,289573,117668,3586,,,5,66,,,,242,1445,10630,Public
68719477550,406,632,51584,2024-05-24T08:54:26.000Z,224,203,Impact,,TruePositive,,,Ip,Related,98799,138268,1997,160396,441377,673934,425863,453297,153085,529644,,1631,635,860,2251,3421,881,,289573,117668,3586,,,5,66,,,,242,1445,10630,Private
1.46888E+12,8,73371,268508,2024-06-16T19:17:28.000Z,3,4,SuspiciousActivity,,TruePositive,,,Ip,Related,98799,138268,20251,160396,441377,673934,425863,453297,153085,529644,,1631,635,860,2251,3421,881,,289573,117668,3586,,,5,66,,Suspicious,Suspicious,242,1445,10630,Private
2.49108E+11,4,637,453,2024-05-28T20:07:12.000Z,8,7,InitialAccess,T1133,FalsePositive,,,Machine,Impacted,98799,138268,360606,160396,441377,673934,425863,453297,510,529644,,1631,635,860,2251,3421,881,,289573,117668,3586,,,5,66,,,,242,1445,10630,Private
7.55914E+11,24,469504,1393577,2024-06-10T11:11:10.000Z,5,50,SuspiciousActivity,,BenignPositive,,,CloudApplication,Impacted,98799,138268,360606,160396,441377,673934,425863,453297,153085,529644,,1631,635,860,0,0,881,,289573,117668,3586,,,5,66,,,,242,1445,10630,Public
25769804366,43,5174,68736,2024-06-11T15:39:15.000Z,172,111,CredentialAccess,T1110,BenignPositive,,,User,Impacted,98799,138268,360606,160396,19584,32028,19448,21303,153085,529644,,1631,635,860,2251,3421,881,,289573,117668,3586,,,5,66,,,,242,1445,10630,Public
1.15105E+12,7,181,835,2024-05-25T19:51:59.000Z,22,10,Impact,,FalsePositive,,,Ip,Related,98799,138268,2959,160396,441377,673934,425863,453297,153085,529644,,1631,635,860,2251,3421,881,,289573,117668,3586,,,5,66,,,,242,1445,10630,Private
1.49465E+12,28,64299,40268,2024-06-13T17:02:12.000Z,1,1,InitialAccess,T1566.002,TruePositive,,,Url,Related,98799,138268,360606,55356,441377,673934,425863,453297,153085,529644,,1631,635,860,2251,3421,881,,289573,117668,3586,,,5,66,,,Malicious,242,1445,10630,Private
1.29708E+12,495,9101,19753,2024-06-14T23:50:52.000Z,133,422,Malware,,FalsePositive,,,File,Related,98799,41175,360606,160396,441377,673934,425863,453297,153085,529644,,1631,635,860,2251,3421,881,Phish,675,937,3586,,,5,66,,Suspicious,Malicious,242,1445,10630,Public
1.38298E+12,44,22437,10342,2024-06-06T18:29:11.000Z,50,36,Exfiltration,,BenignPositive,,,User,Impacted,98799,138268,360606,160396,441377,33650,425863,24864,153085,529644,,1631,635,860,2251,3421,881,,289573,117668,3586,,,5,66,,,,242,1445,10630,Private
1.12528E+12,5,360499,1064117,2024-06-14T01:40:35.000Z,0,0,InitialAccess,T1078;T1078.004,FalsePositive,,,User,Impacted,98799,138268,360606,160396,229971,422950,206657,291345,153085,529644,,1631,635,860,2251,3421,881,,289573,117668,3586,,,5,66,,,,242,1445,10630,Public
1.7094E+12,698,17444,137658,2024-06-15T05:21:58.000Z,1,1,InitialAccess,T1566.002,TruePositive,,,MailMessage,Related,98799,138268,360606,160396,441377,28466,425863,453297,153085,177651,,1631,635,860,2251,3421,881,,289573,117668,3586,,,5,66,,,,242,1445,10630,Public
5.23986E+11,73,283401,652141,2024-06-10T22:04:59.000Z,80,62905,Exfiltration,,FalsePositive,,,MailMessage,Impacted,98799,138268,360606,160396,441377,617802,425863,453297,153085,139562,,1631,635,860,2251,3421,881,,289573,117668,3586,,,5,66,,,,242,1445,10630,Public
8.33224E+11,140,396982,868662,2024-06-13T19:59:04.000Z,0,0,InitialAccess,T1078;T1078.004,FalsePositive,,,Ip,Related,98799,138268,327357,160396,441377,673934,425863,453297,153085,529644,,1631,635,860,2251,3421,881,,289573,117668,3586,,,5,66,,,,0,9,185,Public
1.4517E+12,4338,65144,1306168,2024-06-05T12:15:17.000Z,0,0,InitialAccess,T1078;T1078.004,TruePositive,,,CloudLogonRequest,Related,98799,138268,360606,160396,441377,673934,425863,453297,153085,529644,,1631,635,860,2251,3421,881,,289573,117668,3586,,,5,66,,,,242,1445,10630,Public
1.40875E+12,461,5537,48462,2024-06-10T07:45:52.000Z,11,9,InitialAccess,T1566,FalsePositive,,,MailMessage,Related,98799,138268,360606,160396,441377,39848,425863,453297,153085,55620,,1631,635,860,2251,3421,881,,289573,117668,3586,,,5,66,,,,242,1445,10630,Public
1.08233E+12,1781,97151,593026,2024-06-14T13:47:15.000Z,5,10192,SuspiciousActivity,,FalsePositive,,,Ip,Related,98799,138268,39280,160396,441377,673934,425863,453297,153085,529644,,1631,635,860,2251,3421,881,,289573,117668,3586,,Contextual,5,66,,,,242,1445,10630,Private
4.03727E+11,0,332,105380,2024-06-11T01:09:07.000Z,4,3,InitialAccess,,TruePositive,,,CloudLogonRequest,Related,98799,138268,360606,160396,441377,673934,425863,453297,153085,529644,,1631,635,860,2251,3421,881,,289573,117668,3586,,,5,66,,,,242,1445,10630,Public
4.89626E+11,8,11319,718635,2024-06-05T20:27:30.000Z,3,4,SuspiciousActivity,,TruePositive,,,Ip,Related,98799,138268,4901,160396,441377,673934,425863,453297,153085,529644,,1631,635,860,2251,3421,881,,289573,117668,3586,,,5,66,,Suspicious,Suspicious,242,1445,10630,Private
4.20907E+11,25,125,25406,2024-06-10T11:59:50.000Z,30,11405,Exfiltration,,BenignPositive,,,MailMessage,Impacted,98799,138268,360606,160396,441377,156779,425863,453297,153085,4628,,1631,635,860,2251,3421,881,,289573,117668,3586,,,5,66,,,,242,1445,10630,Public
1.13387E+12,1,192,516459,2024-06-06T15:26:11.000Z,0,0,InitialAccess,T1078;T1078.004,TruePositive,,,Ip,Related,98799,138268,253,160396,441377,673934,425863,453297,153085,529644,,1631,635,860,2251,3421,881,,289573,117668,3586,,,5,66,,,,20,20,22,Public
4.12317E+11,21,12272,48872,2024-06-03T18:35:01.000Z,3,4,SuspiciousActivity,,BenignPositive,,,Machine,Impacted,798,138268,360606,160396,441377,673934,425863,453297,2140,529644,,1631,635,860,2251,3421,881,,289573,117668,3586,,,5,66,,Suspicious,Suspicious,242,1445,10630,Public
7.73094E+11,0,264,126175,2024-06-03T03:08:14.000Z,0,0,InitialAccess,T1078;T1078.004,TruePositive,,,User,Impacted,98799,138268,360606,160396,3020,4037,3021,3182,153085,529644,,1631,635,860,2251,3421,881,,289573,117668,3586,,,5,66,,,,242,1445,10630,Public
6.70015E+11,21,470,193188,2024-06-05T05:07:02.000Z,3,4,SuspiciousActivity,,BenignPositive,,,Machine,Impacted,1002,138268,360606,160396,441377,673934,425863,453297,2460,529644,,1631,635,860,2251,3421,881,,289573,117668,3586,,,5,66,,Suspicious,Suspicious,242,1445,10630,Public
1.15964E+12,332,82984,148912,2024-06-08T22:27:20.000Z,1,1,InitialAccess,T1566.002,BenignPositive,,,Url,Related,98799,138268,360606,704,441377,673934,425863,453297,153085,529644,,1631,635,860,2251,3421,881,,289573,117668,3586,,,5,66,,,NoThreatsFound,242,1445,10630,Private
6.78605E+11,70,806,7599,2024-06-13T02:59:34.000Z,13,11,InitialAccess,T1566,BenignPositive,,,MailMessage,Related,98799,138268,360606,160396,441377,160135,425863,453297,153085,2016,,1631,635,860,2251,3421,881,,289573,117668,3586,,,5,66,,,,242,1445,10630,Private
1.63209E+12,451,8865,260334,2024-06-05T13:34:00.000Z,3,4,SuspiciousActivity,,BenignPositive,,,Ip,Related,98799,138268,21882,160396,441377,673934,425863,453297,153085,529644,,1631,635,860,2251,3421,881,,289573,117668,3586,,,5,66,,Suspicious,Suspicious,242,1445,10630,Private
1.69222E+12,199,209,758143,2024-06-07T14:35:37.000Z,2,2,CommandAndControl,,TruePositive,,,User,Impacted,98799,138268,360606,160396,11170,17993,11406,11651,153085,529644,,1631,635,860,2251,3421,881,,289573,117668,3586,,,5,66,,Suspicious,Suspicious,242,1445,10630,Public
1.33144E+12,82,5107,1843,2024-06-06T09:35:31.000Z,1,1,InitialAccess,T1566.002,TruePositive,,,Mailbox,Impacted,98799,138268,360606,160396,30057,29080,28535,30575,153085,529644,,1631,635,860,2251,3421,881,,289573,117668,3586,,,5,66,,,,242,1445,10630,Public
1.46029E+12,81,134170,428162,2024-06-08T02:43:07.000Z,65,48694,Exfiltration,,BenignPositive,,,MailMessage,Impacted,98799,138268,360606,160396,441377,624910,425863,453297,153085,49423,,1631,635,860,2251,3421,881,,289573,117668,3586,,,5,66,,,,242,1445,10630,Private
1.26272E+12,152,136856,826224,2024-06-07T11:46:23.000Z,4,3,InitialAccess,,FalsePositive,,,User,Impacted,98799,138268,360606,160396,9695,14788,9728,10359,153085,529644,,1631,635,860,2251,3421,881,,289573,117668,3586,,,5,66,,,,242,1445,10630,Public
1.4517E+12,355,1012,24626,2024-06-03T05:40:46.000Z,1,1,InitialAccess,T1566.002,FalsePositive,,,User,Impacted,98799,138268,360606,160396,72709,66596,66652,81192,153085,529644,,1631,635,860,2251,3421,881,,289573,117668,3586,,,5,66,,,,242,1445,10630,Public
6.78605E+11,1,75,1269749,2024-06-07T19:40:48.000Z,0,0,InitialAccess,T1078;T1078.004,TruePositive,,,Ip,Related,98799,138268,11,160396,441377,673934,425863,453297,153085,529644,,1631,635,860,2251,3421,881,,289573,117668,3586,,,5,66,,,,24,29,29,Public
3.43597E+11,8,64376,259954,2024-06-05T03:50:39.000Z,3,4,SuspiciousActivity,,TruePositive,,,Process,Related,98799,16,360606,160396,441377,673934,425863,453297,153085,529644,,1631,635,860,2251,3421,881,,2,804,3586,,,5,66,,Suspicious,Suspicious,242,1445,10630,Private
1.58055E+12,83,244002,478424,2024-06-12T22:39:41.000Z,60,56451,Exfiltration,,BenignPositive,,,MailMessage,Impacted,98799,138268,360606,160396,441377,1315,425863,453297,153085,302516,,1631,635,860,2251,3421,881,,289573,117668,3586,,,5,66,,,,242,1445,10630,Private
7.38734E+11,0,102,1252211,2024-06-13T04:24:42.000Z,0,0,InitialAccess,T1078;T1078.004,TruePositive,,,User,Impacted,98799,138268,360606,160396,1960,2605,1969,2068,153085,529644,,1631,635,860,2251,3421,881,,289573,117668,3586,,,5,66,,,,242,1445,10630,Private
7.90274E+11,151,200781,301371,2024-06-10T17:26:23.000Z,10,8,InitialAccess,T1566.001,BenignPositive,,,MailMessage,Related,98799,138268,360606,160396,441377,62034,425863,453297,153085,135518,,1631,635,860,2251,3421,881,,289573,117668,3586,,,5,66,,,,242,1445,10630,Public
2.83468E+11,797,13532,459580,2024-06-11T18:09:56.000Z,6,5,InitialAccess,T1566,FalsePositive,,,User,Impacted,98799,138268,360606,160396,59234,144341,59571,62804,153085,529644,,1631,635,860,2251,3421,881,,289573,117668,3586,,,5,66,,,,242,1445,10630,Private
4.38087E+11,4,270,1751,2024-05-23T05:00:56.000Z,8,7,InitialAccess,T1133,BenignPositive,,,Machine,Impacted,98799,138268,360606,160396,441377,673934,425863,453297,360,529644,,1631,635,860,2251,3421,881,,289573,117668,3586,,,5,66,,,,242,1445,10630,Private
9.62073E+11,569,5204,634194,2024-06-10T15:12:59.000Z,107,33953,DefenseEvasion,,BenignPositive,,,Machine,Impacted,244,138268,360606,160396,441377,673934,425863,453297,1144,529644,,1631,635,860,2251,3421,881,,289573,117668,3586,,,0,0,,Suspicious,Suspicious,242,1445,10630,Private
3.60777E+11,29,25026,42046,2024-06-14T20:35:20.000Z,1,1,InitialAccess,T1566.002,BenignPositive,,,Url,Related,98799,138268,360606,792,441377,673934,425863,453297,153085,529644,,1631,635,860,2251,3421,881,,289573,117668,3586,,,5,66,,,Malicious,242,1445,10630,Public
1.00502E+12,337,44682,425967,2024-06-11T16:59:53.000Z,675,906,Execution,T1059.007,TruePositive,,,Process,Related,98799,101,360606,160396,441377,673934,425863,453297,153085,529644,,1631,635,860,2251,3421,881,,37,19,3586,,,5,66,,Suspicious,Suspicious,242,1445,10630,Private
2.66288E+11,5,63,831633,2024-06-13T07:42:45.000Z,4,3,InitialAccess,,TruePositive,,,User,Impacted,98799,138268,360606,160396,20,33,18,22,153085,529644,,1631,635,860,2251,3421,881,,289573,117668,3586,,,5,66,,,,242,1445,10630,Private
1.37439E+12,24,469289,1391608,2024-06-10T07:01:15.000Z,5,50,SuspiciousActivity,,TruePositive,,,CloudApplication,Impacted,98799,138268,360606,160396,441377,673934,425863,453297,153085,529644,,1631,635,860,0,0,881,,289573,117668,3586,,,5,66,,,,242,1445,10630,Public
2.06158E+11,342,30208,240622,2024-06-03T10:27:29.000Z,1,1,InitialAccess,T1566.002,BenignPositive,,,Url,Related,98799,138268,360606,65670,441377,673934,425863,453297,153085,529644,,1631,635,860,2251,3421,881,,289573,117668,3586,,,5,66,,,NoThreatsFound,242,1445,10630,Private
5.32576E+11,6,2483,1116,2024-05-30T07:31:07.000Z,17,81,Impact,,BenignPositive,,,Ip,Related,98799,138268,137785,160396,441377,673934,425863,453297,153085,529644,,1631,635,860,2251,3421,881,,289573,117668,3586,,,5,66,,,,242,1445,10630,Public
9.96432E+11,97,216476,282396,2024-06-05T01:30:35.000Z,642,851,Collection,T1005;T1119;T1552.001,FalsePositive,,,Machine,Impacted,52181,138268,360606,160396,441377,673934,425863,453297,55788,529644,,1631,635,860,2251,3421,881,,289573,117668,3586,,,0,0,,Suspicious,Suspicious,242,1445,10630,Private
3.09238E+11,12,2400,1263,2024-05-23T06:28:27.000Z,16,51,Impact,,BenignPositive,,,Ip,Related,98799,138268,7320,160396,441377,673934,425863,453297,153085,529644,,1631,635,860,2251,3421,881,,289573,117668,3586,,,5,66,,,,242,1445,10630,Public
1.12528E+12,765,25008,155696,2024-06-09T03:41:34.000Z,1,1,InitialAccess,T1566.002,TruePositive,,,User,Impacted,98799,138268,360606,160396,120895,130437,162048,150338,153085,529644,,1631,635,860,2251,3421,881,,289573,117668,3586,,,5,66,,,,242,1445,10630,Public
7.73094E+11,0,264,409734,2024-06-03T04:52:38.000Z,4,3,InitialAccess,,TruePositive,,,CloudLogonRequest,Related,98799,138268,360606,160396,441377,673934,425863,453297,153085,529644,,1631,635,860,2251,3421,881,,289573,117668,3586,,,5,66,,,,242,1445,10630,Public
34359739067,22,65,165388,2024-06-06T16:48:03.000Z,4,3,InitialAccess,,TruePositive,,,CloudLogonRequest,Related,98799,138268,360606,160396,441377,673934,425863,453297,153085,529644,,1631,635,860,2251,3421,881,,289573,117668,3586,,,5,66,,,,242,1445,10630,Public
1.05656E+12,55,3833,818,2024-06-05T11:02:34.000Z,1,1,InitialAccess,T1566.002,FalsePositive,,,Mailbox,Impacted,98799,138268,360606,160396,164096,177162,135178,171337,153085,529644,,1631,635,860,2251,3421,881,,289573,117668,3586,,,5,66,,,,242,1445,10630,Public
1.52042E+12,1306,3113,952682,2024-06-12T17:12:52.000Z,0,0,InitialAccess,T1078;T1078.004,FalsePositive,,,Ip,Related,98799,138268,354136,160396,441377,673934,425863,453297,153085,529644,,1631,635,860,2251,3421,881,,289573,117668,3586,,,5,66,,,,0,63,4671,Public
4.03727E+11,14,3626,3071,2024-05-20T03:35:26.000Z,29,20,Impact,,TruePositive,,,Ip,Related,98799,138268,1696,160396,441377,673934,425863,453297,153085,529644,,1631,635,860,2251,3421,881,,289573,117668,3586,,,5,66,,,,242,1445,10630,Public
1.80389E+11,26,29049,43688,2024-06-10T04:32:45.000Z,138,119,Execution,T1059.001,BenignPositive,,,Process,Related,98799,485,360606,160396,441377,673934,425863,453297,153085,529644,,1631,635,860,2251,3421,881,,44,3,3586,,,5,66,,Suspicious,Suspicious,242,1445,10630,Public
2.74878E+11,143,164,1012128,2024-06-09T01:42:17.000Z,4,3,InitialAccess,,TruePositive,,,CloudLogonRequest,Related,98799,138268,360606,160396,441377,673934,425863,453297,153085,529644,,1631,635,860,2251,3421,881,,289573,117668,3586,,,5,66,,,,242,1445,10630,Public
1.21977E+12,42,3,143880,2024-06-03T17:17:03.000Z,85,63,Discovery,T1007;T1016;T1018;T1027.002;T1027.005;T1049;T1087;T1105;T1135,BenignPositive,,,Process,Related,98799,138268,360606,160396,441377,673934,425863,453297,153085,529644,,1631,635,860,2251,3421,881,,111,1019,3586,,,5,66,,Suspicious,Suspicious,242,1445,10630,Public
2.57698E+11,111,8,110393,2024-06-08T17:28:32.000Z,85,63,Discovery,T1007;T1016;T1018;T1049;T1087;T1135,BenignPositive,,,Machine,Impacted,46,138268,360606,160396,441377,673934,425863,453297,77,529644,,1631,635,860,2251,3421,881,,289573,117668,3586,,,0,0,,Suspicious,Suspicious,242,1445,10630,Public
2.06158E+11,6,102692,761631,2024-06-07T21:07:52.000Z,2,2,CommandAndControl,,BenignPositive,,,Url,Related,98799,138268,360606,426,441377,673934,425863,453297,153085,529644,,1631,635,860,2251,3421,881,,289573,117668,3586,,,5,66,,Suspicious,Suspicious,242,1445,10630,Public
6.70015E+11,10,191,37,2024-05-21T04:46:34.000Z,12,67,Impact,,TruePositive,,,Ip,Related,98799,138268,1346,160396,441377,673934,425863,453297,153085,529644,,1631,635,860,2251,3421,881,,289573,117668,3586,,,5,66,,,,242,1445,10630,Public
8.16044E+11,0,200,330859,2024-06-08T04:20:03.000Z,7,6,InitialAccess,,TruePositive,,,User,Impacted,98799,138268,360606,160396,671,893,666,718,153085,529644,,1631,635,860,2251,3421,881,,289573,117668,3586,,,5,66,,,,242,1445,10630,Public
4.98216E+11,34,280994,597838,2024-06-10T22:39:14.000Z,2,2,CommandAndControl,,BenignPositive,,,Url,Related,98799,138268,360606,612,441377,673934,425863,453297,153085,529644,,1631,635,860,2251,3421,881,,289573,117668,3586,,,5,66,,Suspicious,Suspicious,242,1445,10630,Private
6.18475E+11,8,17147,264736,2024-06-11T02:15:47.000Z,3,4,SuspiciousActivity,,TruePositive,,,Process,Related,98799,5,360606,160396,441377,673934,425863,453297,153085,529644,,1631,635,860,2251,3421,881,,2,61,3586,,,5,66,,Suspicious,Suspicious,242,1445,10630,Public
1.60632E+12,6,61718,740317,2024-06-13T11:50:34.000Z,2,2,CommandAndControl,,BenignPositive,,,Url,Related,98799,138268,360606,2017,441377,673934,425863,453297,153085,529644,,1631,635,860,2251,3421,881,,289573,117668,3586,,,5,66,,Suspicious,Suspicious,242,1445,10630,Public
1.46888E+12,16,104846,477016,2024-06-03T22:07:34.000Z,24,37,Exfiltration,,BenignPositive,,,MailMessage,Impacted,98799,138268,360606,160396,441377,233948,425863,453297,153085,460002,,1631,635,860,2251,3421,881,,289573,117668,3586,,,5,66,,,,242,1445,10630,Public
7.81684E+11,58,6957,2358,2024-06-14T14:25:16.000Z,11,9,InitialAccess,T1566,BenignPositive,,,User,Impacted,98799,138268,360606,160396,16698,16924,16539,17025,153085,529644,,1631,635,860,2251,3421,881,,289573,117668,3586,,,5,66,,,,242,1445,10630,Public
8.50404E+11,22,154,172649,2024-06-11T10:37:49.000Z,19,15,InitialAccess,,TruePositive,,,CloudLogonSession,Related,98799,138268,360606,160396,441377,673934,425863,453297,153085,529644,,1631,635,860,2251,3421,881,,289573,117668,3586,,,5,66,,,,242,1445,10630,Public
5.41166E+11,131,18641,31483,2024-06-13T02:30:22.000Z,6,5,InitialAccess,T1566,BenignPositive,,,MailMessage,Related,98799,138268,360606,160396,441377,17228,425863,453297,153085,6217,,1631,635,860,2251,3421,881,,289573,117668,3586,,,5,66,Intraorg,,Malicious,242,1445,10630,Public
1.52901E+12,350,27439,241419,2024-06-11T05:17:29.000Z,1,1,InitialAccess,T1566.002,BenignPositive,,,MailCluster,Related,98799,138268,360606,160396,441377,673934,425863,453297,153085,529644,,1631,635,860,2251,3421,881,,289573,117668,3586,,,5,66,,,Malicious,242,1445,10630,Public
8.84763E+11,47,3298,11738,2024-05-25T08:45:06.000Z,71,51,Impact,,FalsePositive,,,Ip,Related,98799,138268,220,160396,441377,673934,425863,453297,153085,529644,,1631,635,860,2251,3421,881,,289573,117668,3586,,,5,66,,,,242,1445,10630,Public
1.44311E+12,48,446165,563220,2024-06-06T12:38:39.000Z,9,45,Execution,,BenignPositive,,,File,Related,98799,62537,360606,160396,441377,673934,425863,453297,153085,529644,,1631,635,860,2251,3421,881,,107279,117668,3586,,,5,66,,,,242,1445,10630,Public
34359738769,64,34413,234153,2024-06-11T08:28:39.000Z,1,1,InitialAccess,T1566.002,BenignPositive,,,Url,Related,98799,138268,360606,58891,441377,673934,425863,453297,153085,529644,,1631,635,860,2251,3421,881,,289573,117668,3586,,,5,66,,,Malicious,242,1445,10630,Public
1.38298E+12,35,496,163054,2024-06-07T07:51:01.000Z,0,0,InitialAccess,T1078;T1078.004,TruePositive,,,Ip,Related,98799,138268,14,160396,441377,673934,425863,453297,153085,529644,,1631,635,860,2251,3421,881,,289573,117668,3586,,,5,66,,,,14,32,30,Public
1.21977E+12,42,3,130169,2024-06-03T12:57:44.000Z,62,46,Execution,T1027.002;T1027.005;T1059.003;T1105,BenignPositive,,,Process,Related,98799,2970,360606,160396,441377,673934,425863,453297,153085,529644,,1631,635,860,2251,3421,881,,3615,11,3586,,,5,66,,Suspicious,Suspicious,242,1445,10630,Public
1.15964E+12,57,100541,475723,2024-06-14T10:06:18.000Z,46,13828,Exfiltration,,BenignPositive,,,File,Impacted,98799,5729,360606,160396,441377,673934,425863,453297,153085,529644,,1631,635,860,2251,3421,881,,6443,554,3586,,,5,66,,,,242,1445,10630,Public
1.34003E+12,92,132765,760518,2024-06-06T22:56:05.000Z,2,2,CommandAndControl,,BenignPositive,,,Process,Related,98799,0,360606,160396,441377,673934,425863,453297,153085,529644,,1631,635,860,2251,3421,881,,0,2,3586,,,5,66,,Suspicious,Suspicious,242,1445,10630,Public
77309413814,5,265140,488551,2024-06-05T15:08:13.000Z,0,0,InitialAccess,T1078;T1078.004,TruePositive,,,User,Impacted,98799,138268,360606,160396,24,37,22,27,153085,529644,,1631,635,860,2251,3421,881,,289573,117668,3586,,,5,66,,,,242,1445,10630,Public
3.26418E+11,49,132602,720415,2024-06-06T19:27:28.000Z,3,4,SuspiciousActivity,,TruePositive,,,Process,Related,98799,0,360606,160396,441377,673934,425863,453297,153085,529644,,1631,635,860,2251,3421,881,,0,2,3586,,,5,66,,Suspicious,Suspicious,242,1445,10630,Public
1.03938E+12,90,205,1320104,2024-06-04T10:16:56.000Z,0,0,InitialAccess,T1078;T1078.004,TruePositive,,,User,Impacted,98799,138268,360606,160396,16345,27448,16364,17860,153085,529644,,1631,635,860,2251,3421,881,,289573,117668,3586,,,5,66,,,,242,1445,10630,Public
6.52835E+11,19,2993,2015,2024-05-28T13:23:48.000Z,23,16,CommandAndControl,,BenignPositive,,,Url,Related,98799,138268,360606,465,441377,673934,425863,453297,153085,529644,,1631,635,860,2251,3421,881,,289573,117668,3586,,,5,66,,,,242,1445,10630,Public
1.55478E+12,8,15154,734090,2024-06-15T22:54:07.000Z,3,4,SuspiciousActivity,,TruePositive,,,Process,Related,98799,13,360606,160396,441377,673934,425863,453297,153085,529644,,1631,635,860,2251,3421,881,,2,268,3586,,,5,66,,Suspicious,Suspicious,242,1445,10630,Public
1.80389E+11,124,62779,339179,2024-06-05T19:58:15.000Z,9,64,Execution,,FalsePositive,,,CloudApplication,Impacted,98799,138268,360606,160396,441377,673934,425863,453297,153085,529644,,1631,635,860,2,2,881,,289573,117668,3586,,,5,66,,,,242,1445,10630,Public
1.09092E+12,8,13262,721263,2024-06-07T06:32:11.000Z,3,4,SuspiciousActivity,,TruePositive,,,Ip,Related,98799,138268,4053,160396,441377,673934,425863,453297,153085,529644,,1631,635,860,2251,3421,881,,289573,117668,3586,,,5,66,,Suspicious,Suspicious,242,1445,10630,Public
25769805383,21,887,108975,2024-06-03T10:57:14.000Z,3,4,SuspiciousActivity,,BenignPositive,,,Url,Related,98799,138268,360606,4437,441377,673934,425863,453297,153085,529644,,1631,635,860,2251,3421,881,,289573,117668,3586,,,5,66,,Suspicious,Suspicious,242,1445,10630,Private
8.33224E+11,28,120079,156123,2024-06-13T17:46:44.000Z,1,1,InitialAccess,T1566.002,TruePositive,,,MailMessage,Related,98799,138268,360606,160396,441377,91955,425863,453297,153085,110853,,1631,635,860,2251,3421,881,,289573,117668,3586,,,5,66,,,,242,1445,10630,Private
7.64504E+11,357,514,2026,2024-06-05T22:29:12.000Z,91,68,CredentialAccess,T1110;T1110.001;T1110.003,FalsePositive,,,User,Related,98799,138268,360606,160396,48700,83416,48475,52356,153085,529644,,1631,635,860,2251,3421,881,,289573,117668,3586,,Contextual,5,66,,,,242,1445,10630,Public
4.72446E+11,0,527,324703,2024-06-09T03:11:21.000Z,7,6,InitialAccess,,TruePositive,,,CloudLogonRequest,Related,98799,138268,360606,160396,441377,673934,425863,453297,153085,529644,,1631,635,860,2251,3421,881,,289573,117668,3586,,,5,66,,,,242,1445,10630,Public
1.58055E+12,39,184353,35111,2024-06-13T13:58:22.000Z,10,8,InitialAccess,T1566.001,BenignPositive,,,Mailbox,Impacted,98799,138268,360606,160396,21428,16721,21126,22318,153085,529644,,1631,635,860,2251,3421,881,,289573,117668,3586,,,5,66,,,Malicious,242,1445,10630,Private
2.74878E+11,61,40964,560341,2024-06-05T13:54:40.000Z,5,31,SuspiciousActivity,,BenignPositive,,,User,Impacted,98799,138268,360606,160396,195,272,186,218,153085,529644,,1631,635,860,2251,3421,881,,289573,117668,3586,,,5,66,,,,242,1445,10630,Private
6.78605E+11,0,7208,335150,2024-06-03T08:27:22.000Z,14,12,CredentialAccess,T1110;T1110.003;T1110.001,TruePositive,,,Ip,Related,98799,138268,52,160396,441377,673934,425863,453297,153085,529644,,1631,635,860,2251,3421,881,,289573,117668,3586,,,5,66,,,,22,52,49,Public
8.76173E+11,26,16015,1592521,2024-06-09T21:11:24.000Z,31,14677,Malware,,BenignPositive,,,File,Related,98799,8805,360606,160396,441377,673934,425863,453297,153085,529644,,1631,635,860,2251,3421,881,Cestus,8724,9,3586,,,5,66,,Suspicious,Malicious,242,1445,10630,Public
6.35655E+11,89,28,966909,2024-06-10T02:34:51.000Z,4,3,InitialAccess,,TruePositive,,,CloudLogonRequest,Related,98799,138268,360606,160396,441377,673934,425863,453297,153085,529644,,1631,635,860,2251,3421,881,,289573,117668,3586,,,5,66,,,,242,1445,10630,Public
4.03727E+11,74,1238,76538,2024-06-11T18:21:08.000Z,2,2,CommandAndControl,,BenignPositive,,,Process,Related,98799,0,360606,160396,441377,673934,425863,453297,153085,529644,,1631,635,860,2251,3421,881,,0,2,3586,,,5,66,,Suspicious,Suspicious,242,1445,10630,Public
4.63856E+11,171,216980,215518,2024-06-03T22:35:31.000Z,412,36705,Exfiltration,,BenignPositive,,,User,Impacted,98799,138268,360606,160396,194384,285283,203832,190900,153085,529644,,1631,635,860,2251,3421,881,,289573,117668,3586,,,5,66,,,,242,1445,10630,Public
1.88979E+11,89,277,726,2024-06-14T00:26:40.000Z,1,1,InitialAccess,T1566.002,TruePositive,,,User,Impacted,98799,138268,360606,160396,26399,26273,25316,28649,153085,529644,,1631,635,860,2251,3421,881,,289573,117668,3586,,,5,66,,,,242,1445,10630,Public
2.23338E+11,1431,48280,1164248,2024-06-05T22:57:17.000Z,469,510,CredentialAccess,T1003;T1003.006,BenignPositive,,,Machine,Related,98799,138268,360606,160396,441377,673934,425863,453297,34895,529644,,1631,635,860,2251,3421,881,,289573,117668,3586,,Destination,5,66,,,,242,1445,10630,Private
1.56337E+12,46,7172,4777,2024-06-10T23:12:17.000Z,435,459,Discovery,,FalsePositive,,,Machine,Impacted,98799,138268,360606,160396,441377,673934,425863,453297,145875,529644,,1631,635,860,2251,3421,881,,289573,117668,3586,,,5,66,,,,242,1445,10630,Public
1.37439E+11,240,119536,676855,2024-05-31T01:39:15.000Z,884,300,InitialAccess,T1078,TruePositive,,,Ip,Related,98799,138268,9308,160396,441377,673934,425863,453297,153085,529644,,1631,635,860,2251,3421,881,,289573,117668,3586,,,5,66,,,,242,1445,10630,Public
5.58346E+11,219,23457,20054,2024-06-12T19:41:04.000Z,285,9180,Exfiltration,,BenignPositive,,,MailMessage,Impacted,98799,138268,360606,160396,441377,70776,425863,453297,153085,1457,,1631,635,860,2251,3421,881,,289573,117668,3586,,,5,66,,,,242,1445,10630,Private
5.41166E+11,66,40844,1080231,2024-06-14T08:23:26.000Z,5,34,SuspiciousActivity,,TruePositive,,,Ip,Related,98799,138268,642,160396,441377,673934,425863,453297,153085,529644,,1631,635,860,2251,3421,881,,289573,117668,3586,,Contextual,5,66,,,,242,1445,10630,Public
5.92705E+11,30,225918,1125693,2024-06-03T20:29:24.000Z,37,71264,Exfiltration,,FalsePositive,,,MailMessage,Impacted,98799,138268,360606,160396,441377,170675,425863,453297,153085,366686,,1631,635,860,2251,3421,881,,289573,117668,3586,,,5,66,,,,242,1445,10630,Public
1.46029E+12,60,109,793356,2024-06-05T20:04:14.000Z,51,70419,Exfiltration,,FalsePositive,,,User,Impacted,98799,138268,360606,160396,4514,1955,4496,4845,153085,529644,,1631,635,860,2251,3421,881,,289573,117668,3586,,,5,66,,,,242,1445,10630,Public
1.40016E+12,9,259130,1590935,2024-06-08T08:52:58.000Z,31,3952,Malware,,FalsePositive,,,Machine,Impacted,228,138268,360606,160396,441377,673934,425863,453297,1093,529644,,1631,635,860,2251,3421,881,,289573,117668,3586,,,0,0,,Suspicious,Suspicious,242,1445,10630,Public
6.87195E+11,1000,14297,157474,2024-06-08T05:31:07.000Z,1,1,InitialAccess,T1566.002,BenignPositive,,,MailMessage,Related,98799,138268,360606,160396,441377,137675,425863,453297,153085,140597,,1631,635,860,2251,3421,881,,289573,117668,3586,,,5,66,Inbound,,Malicious,242,1445,10630,Public
3.43597E+11,13,23271,14844,2024-06-03T13:37:20.000Z,197,174,Exfiltration,,BenignPositive,,,MailMessage,Impacted,98799,138268,360606,160396,441377,96228,425863,453297,153085,88214,,1631,635,860,2251,3421,881,,289573,117668,3586,,,5,66,,,,242,1445,10630,Public
1.31426E+12,20,1757,1533,2024-05-20T08:13:02.000Z,79,1298,Impact,,BenignPositive,,,Ip,Related,98799,138268,1970,160396,441377,673934,425863,453297,153085,529644,,1631,635,860,2251,3421,881,,289573,117668,3586,,,5,66,,,,242,1445,10630,Private
77309415295,14,3876,2721,2024-05-24T22:46:05.000Z,29,20,Impact,,TruePositive,,,Ip,Related,98799,138268,784,160396,441377,673934,425863,453297,153085,529644,,1631,635,860,2251,3421,881,,289573,117668,3586,,,5,66,,,,242,1445,10630,Public
9.53483E+11,6,1582,1322,2024-05-21T08:34:06.000Z,17,82,Impact,,BenignPositive,,,Ip,Related,98799,138268,1903,160396,441377,673934,425863,453297,153085,529644,,1631,635,860,2251,3421,881,,289573,117668,3586,,,5,66,,,,242,1445,10630,Public
9.70663E+11,11,427983,1055123,2024-06-13T13:15:32.000Z,0,0,InitialAccess,T1078;T1078.004,FalsePositive,,,CloudLogonSession,Related,98799,138268,360606,160396,441377,673934,425863,453297,153085,529644,,1631,635,860,2251,3421,881,,289573,117668,3586,,,5,66,,,,242,1445,10630,Public
7.12965E+11,29,8858,5856,2024-06-10T02:29:53.000Z,428,454,InitialAccess,,BenignPositive,,,User,Impacted,98799,138268,360606,160396,110686,190424,111018,116499,153085,529644,,1631,635,860,2251,3421,881,,289573,117668,3586,,,5,66,,,,242,1445,10630,Public
1.12528E+12,143,411,967882,2024-06-03T18:39:41.000Z,0,0,InitialAccess,T1078;T1078.004,TruePositive,,,User,Impacted,98799,138268,360606,160396,110645,191169,115579,116872,153085,529644,,1631,635,860,2251,3421,881,,289573,117668,3586,,,5,66,,,,242,1445,10630,Private
1.67504E+12,0,256,1209489,2024-06-01T20:59:17.000Z,14,12,CredentialAccess,T1110;T1110.003;T1110.001,TruePositive,,,CloudLogonRequest,Related,98799,138268,360606,160396,441377,673934,425863,453297,153085,529644,,1631,635,860,2251,3421,881,,289573,117668,3586,,,5,66,,,,242,1445,10630,Public
1.34003E+12,85,441,64125,2024-06-06T04:13:41.000Z,69,15739,Exfiltration,,BenignPositive,,,File,Impacted,98799,65886,360606,160396,441377,673934,425863,453297,153085,529644,,1631,635,860,2251,3421,881,,87666,11789,3586,,,5,66,,,,242,1445,10630,Public
2.06158E+11,14,3583,2899,2024-05-20T14:37:17.000Z,29,20,Impact,,TruePositive,,,Ip,Related,98799,138268,5419,160396,441377,673934,425863,453297,153085,529644,,1631,635,860,2251,3421,881,,289573,117668,3586,,,5,66,,,,242,1445,10630,Public
1.58055E+12,29,10074,6670,2024-05-27T21:25:11.000Z,540,589,CredentialAccess,,BenignPositive,,,User,Impacted,98799,138268,360606,160396,246120,412163,259811,281223,153085,529644,,1631,635,860,2251,3421,881,,289573,117668,3586,,,5,66,,,,242,1445,10630,Private
1.63209E+11,2,7178,8693,2024-06-06T18:05:58.000Z,18,14,Exfiltration,,BenignPositive,,,MailMessage,Impacted,98799,138268,360606,160396,441377,126238,425863,453297,153085,68749,,1631,635,860,2251,3421,881,,289573,117668,3586,,,5,66,,,,242,1445,10630,Public
5.32576E+11,725,12132,743849,2024-06-04T08:18:38.000Z,675,906,Execution,T1059;T1059.007,TruePositive,,,User,Impacted,98799,138268,360606,160396,22053,39485,21565,26810,153085,529644,,1631,635,860,2251,3421,881,,289573,117668,3586,,,5,66,,Suspicious,Suspicious,242,1445,10630,Private
1.24554E+12,54,528644,1458732,2024-06-12T19:48:39.000Z,102,89531,Exfiltration,,BenignPositive,,,User,Impacted,98799,138268,360606,160396,3944,5373,3964,3951,153085,529644,,1631,635,860,2251,3421,881,,289573,117668,3586,,,5,66,,,,242,1445,10630,Public
1.25413E+12,38,259066,620781,2024-06-11T15:15:12.000Z,3,4,SuspiciousActivity,,BenignPositive,,,Machine,Impacted,41630,138268,360606,160396,441377,673934,425863,453297,44400,529644,,1631,635,860,2251,3421,881,,289573,117668,3586,,,5,66,,Suspicious,Suspicious,242,1445,10630,Public
2.57698E+11,170,11003,893618,2024-06-12T12:30:22.000Z,0,0,InitialAccess,T1078;T1078.004,FalsePositive,,,Ip,Related,98799,138268,336980,160396,441377,673934,425863,453297,153085,529644,,1631,635,860,2251,3421,881,,289573,117668,3586,,,5,66,,,,6,19,135,Private
1.40016E+12,414,13769,15015,2024-06-06T21:38:11.000Z,13,11,InitialAccess,T1566,TruePositive,,,Mailbox,Impacted,98799,138268,360606,160396,90964,100165,87021,96287,153085,529644,,1631,635,860,2251,3421,881,,289573,117668,3586,,,5,66,,,,242,1445,10630,Public
1.194E+12,0,121,1025742,2024-06-12T05:15:43.000Z,0,0,InitialAccess,T1078;T1078.004,TruePositive,,,CloudLogonSession,Related,98799,138268,360606,160396,441377,673934,425863,453297,153085,529644,,1631,635,860,2251,3421,881,,289573,117668,3586,,,5,66,,,,242,1445,10630,Public
1.194E+12,2,21444,13963,2024-06-06T23:31:42.000Z,42,27,Exfiltration,,BenignPositive,,,CloudApplication,Impacted,98799,138268,360606,160396,441377,673934,425863,453297,153085,529644,,1631,635,860,3,3,881,,289573,117668,3586,,,5,66,,,,242,1445,10630,Public
1.1081E+12,24,463449,561205,2024-06-06T05:01:13.000Z,5,21,SuspiciousActivity,,BenignPositive,,,Ip,Related,98799,138268,26830,160396,441377,673934,425863,453297,153085,529644,,1631,635,860,2251,3421,881,,289573,117668,3586,,Contextual,5,66,,,,242,1445,10630,Private
7.64504E+11,149,63591,282549,2024-06-10T00:30:55.000Z,2,2,CommandAndControl,,BenignPositive,,,Machine,Impacted,41634,138268,360606,160396,441377,673934,425863,453297,53827,529644,,1631,635,860,2251,3421,881,,289573,117668,3586,,,0,0,,Suspicious,Suspicious,242,1445,10630,Private
77309412563,248,22760,19611,2024-06-09T19:34:05.000Z,149,125,Exfiltration,,BenignPositive,,,File,Impacted,98799,138268,360606,160396,441377,673934,425863,453297,153085,529644,,1631,635,860,2251,3421,881,,238414,1844,3586,,,5,66,,,,242,1445,10630,Public
1.06515E+12,229,136743,259158,2024-06-04T09:41:59.000Z,3,4,SuspiciousActivity,,BenignPositive,,,Ip,Related,98799,138268,292783,160396,441377,673934,425863,453297,153085,529644,,1631,635,860,2251,3421,881,,289573,117668,3586,,,5,66,,Suspicious,Suspicious,242,1445,10630,Private
1.46029E+12,60,109,293396,2024-06-05T23:55:28.000Z,326,22616,Exfiltration,,FalsePositive,,,MailMessage,Impacted,98799,138268,360606,160396,441377,231074,425863,453297,153085,38644,,1631,635,860,2251,3421,881,,289573,117668,3586,,,5,66,,,,242,1445,10630,Public
1.63209E+12,8,26982,630197,2024-06-16T18:11:50.000Z,3,4,SuspiciousActivity,,TruePositive,,,Process,Related,98799,13,360606,160396,441377,673934,425863,453297,153085,529644,,1631,635,860,2251,3421,881,,2,194,3586,,,5,66,,Suspicious,Suspicious,242,1445,10630,Public
4880,38,455949,503082,2024-06-09T04:21:45.000Z,0,0,InitialAccess,T1078;T1078.004,TruePositive,,,CloudLogonRequest,Related,98799,138268,360606,160396,441377,673934,425863,453297,153085,529644,,1631,635,860,2251,3421,881,,289573,117668,3586,,,5,66,,,,242,1445,10630,Private
68719476781,6,323291,689531,2024-06-11T10:52:56.000Z,2,2,CommandAndControl,,BenignPositive,,,Process,Related,98799,5006,360606,160396,441377,673934,425863,453297,153085,529644,,1631,635,860,2251,3421,881,,2235,83304,3586,,,5,66,,Suspicious,Suspicious,242,1445,10630,Public
1.21977E+12,0,235,317608,2024-06-04T13:26:20.000Z,7,6,InitialAccess,,TruePositive,,,User,Impacted,98799,138268,360606,160396,2680,3581,2709,2845,153085,529644,,1631,635,860,2251,3421,881,,289573,117668,3586,,,5,66,,,,242,1445,10630,Private
77309413104,0,494,493223,2024-06-03T05:46:29.000Z,7,6,InitialAccess,,TruePositive,,,CloudLogonRequest,Related,98799,138268,360606,160396,441377,673934,425863,453297,153085,529644,,1631,635,860,2251,3421,881,,289573,117668,3586,,,5,66,,,,242,1445,10630,Public
1.31426E+12,171,1013,355102,2024-06-06T20:15:22.000Z,876,1574,Exfiltration,,BenignPositive,,,User,Impacted,98799,138268,360606,160396,314,418,304,340,153085,529644,,1631,635,860,2251,3421,881,,289573,117668,3586,,,5,66,,,,242,1445,10630,Public
1.80389E+11,115,32786,142960,2024-06-10T17:23:28.000Z,3,4,SuspiciousActivity,,TruePositive,,,User,Impacted,98799,138268,360606,160396,60597,98975,63910,65311,153085,529644,,1631,635,860,2251,3421,881,,289573,117668,3586,,,5,66,,Suspicious,Suspicious,242,1445,10630,Public
1.5376E+12,2,17571,5888,2024-06-13T07:22:09.000Z,15,13,Exfiltration,,BenignPositive,,,MailMessage,Impacted,98799,138268,360606,160396,441377,9585,425863,453297,153085,42363,,1631,635,860,2251,3421,881,,289573,117668,3586,,,5,66,,,,242,1445,10630,Public
3.52187E+11,29,352847,1716859,2024-06-04T04:25:27.000Z,873,1455,CredentialAccess,,BenignPositive,,,User,Impacted,98799,138268,360606,160396,441377,673934,425863,128405,153085,529644,,1631,635,860,2251,3421,881,,289573,117668,3586,,,5,66,,,,242,1445,10630,Public
1.09951E+12,261,219237,1542827,2024-05-24T04:44:50.000Z,1841,4271,CommandAndControl,,BenignPositive,,,Ip,Related,98799,138268,6426,160396,441377,673934,425863,453297,153085,529644,,1631,635,860,2251,3421,881,,289573,117668,3586,,,5,66,,,,242,1445,10630,Public
7.55914E+11,7,3138,675,2024-05-26T05:57:50.000Z,22,10,Impact,,FalsePositive,,,Ip,Related,98799,138268,5436,160396,441377,673934,425863,453297,153085,529644,,1631,635,860,2251,3421,881,,289573,117668,3586,,,5,66,,,,242,1445,10630,Private
1.01361E+12,4,2535,382,2024-05-30T21:42:27.000Z,8,7,InitialAccess,T1133,FalsePositive,,,Machine,Impacted,98799,138268,360606,160396,441377,673934,425863,453297,466,529644,,1631,635,860,2251,3421,881,,289573,117668,3586,,,5,66,,,,242,1445,10630,Private
5.41166E+11,14,1185,7787,2024-06-07T21:39:44.000Z,342,349,CredentialAccess,T1110,BenignPositive,,,Machine,Impacted,98799,138268,360606,160396,441377,673934,425863,453297,7582,529644,,1631,635,860,2251,3421,881,,289573,117668,3586,,,5,66,,,,242,1445,10630,Public
1.15105E+12,7,181,1859,2024-05-25T07:02:59.000Z,22,10,Impact,,FalsePositive,,,Ip,Related,98799,138268,1577,160396,441377,673934,425863,453297,153085,529644,,1631,635,860,2251,3421,881,,289573,117668,3586,,,5,66,,,,242,1445,10630,Private
1.55478E+12,311,3678,205399,2024-06-05T17:39:57.000Z,2,2,CommandAndControl,,BenignPositive,,,Machine,Impacted,3637,138268,360606,160396,441377,673934,425863,453297,6566,529644,,1631,635,860,2251,3421,881,,289573,117668,3586,,,0,0,,Suspicious,Suspicious,242,1445,10630,Public
2.40518E+11,4,207,536,2024-05-27T05:25:51.000Z,8,7,InitialAccess,T1133,FalsePositive,,,Machine,Impacted,98799,138268,360606,160396,441377,673934,425863,453297,440,529644,,1631,635,860,2251,3421,881,,289573,117668,3586,,,5,66,,,,242,1445,10630,Public
7.90274E+11,30,9034,6613,2024-06-05T07:06:57.000Z,37,3931,Exfiltration,,BenignPositive,,,MailMessage,Impacted,98799,138268,360606,160396,441377,444789,425863,453297,153085,1841,,1631,635,860,2251,3421,881,,289573,117668,3586,,,5,66,,,,242,1445,10630,Public
4.38087E+11,4,270,431,2024-05-23T16:56:33.000Z,8,7,InitialAccess,T1133,BenignPositive,,,Machine,Impacted,98799,138268,360606,160396,441377,673934,425863,453297,248,529644,,1631,635,860,2251,3421,881,,289573,117668,3586,,,5,66,,,,242,1445,10630,Private
3.77957E+11,4,266,352,2024-05-21T04:03:58.000Z,8,7,InitialAccess,T1133,FalsePositive,,,Machine,Impacted,98799,138268,360606,160396,441377,673934,425863,453297,163,529644,,1631,635,860,2251,3421,881,,289573,117668,3586,,,5,66,,,,242,1445,10630,Public
1.24554E+12,120,327,13276,2024-06-14T21:10:09.000Z,84,3614,Exfiltration,,BenignPositive,,,MailMessage,Impacted,98799,138268,360606,160396,441377,14173,425863,453297,153085,5136,,1631,635,860,2251,3421,881,,289573,117668,3586,,,5,66,,,,242,1445,10630,Public
1.09092E+12,6,2376,1514,2024-05-25T23:40:32.000Z,17,1384,Impact,,BenignPositive,,,Ip,Related,98799,138268,3387,160396,441377,673934,425863,453297,153085,529644,,1631,635,860,2251,3421,881,,289573,117668,3586,,,5,66,,,,242,1445,10630,Public
4.03727E+11,565,244954,668958,2024-06-05T14:40:23.000Z,906,1524,InitialAccess,T1566.001,TruePositive,,,MailMessage,Related,98799,138268,360606,160396,441377,4765,425863,453297,153085,103778,,1631,635,860,2251,3421,881,,289573,117668,3586,,,5,66,,,,242,1445,10630,Private
3.09238E+11,6,229325,675716,2024-06-06T05:26:18.000Z,724,318,Persistence,T1078,BenignPositive,,,User,Impacted,98799,138268,360606,160396,7045,10415,7039,5884,153085,529644,,1631,635,860,2251,3421,881,,289573,117668,3586,,,5,66,,,,242,1445,10630,Private
1.46888E+12,12,2040,1382,2024-06-01T00:15:31.000Z,16,1360,Impact,,BenignPositive,,,Ip,Related,98799,138268,252960,160396,441377,673934,425863,453297,153085,529644,,1631,635,860,2251,3421,881,,289573,117668,3586,,,5,66,,,,242,1445,10630,Public
